Time,WA01,WA02,WA03,WA04
2024.7.25 13:00,-3.88,-2.69,-3.96,-4.33
2024.7.25 14:00,-3.88,-2.73,-3.96,-4.34
2024.7.25 15:00,-4.18,-2.78,-4.01,-4.34
2024.7.25 16:00,-4.27,-2.84,-4.02,-4.33
2024.7.25 17:00,-4.36,-2.84,-4.11,-4.33
2024.7.25 18:00,-4.43,-2.87,-4.07,-4.32
2024.7.25 19:00,-4.49,-2.87,-4.09,-4.29
2024.7.25 20:00,-4.53,-2.94,-4.08,-4.31
2024.7.25 21:00,-4.51,-2.94,-4.02,-4.32
2024.7.25 22:00,-4.52,-2.94,-4.05,-4.32
2024.7.25 23:00,-4.55,-3,-4.12,-4.33
2024.7.26 0:00,-4.57,-3.02,-4.18,-4.33
2024.7.26 1:00,-4.6,-3.03,-4.23,-4.33
2024.7.26 2:00,-4.6,-3.06,-4.28,-4.32
2024.7.26 3:00,-4.6,-3.07,-4.31,-4.33
2024.7.26 4:00,-4.59,-3.07,-4.34,-4.32
2024.7.26 5:00,-4.59,-3.07,-4.36,-4.32
2024.7.26 6:00,-4.58,-3.09,-4.38,-4.34
2024.7.26 7:00,-4.59,-3.12,-4.43,-4.38
2024.7.26 8:00,-4.63,-3.11,-4.48,-4.35
2024.7.26 9:00,-4.73,-3.15,-4.55,-4.38
2024.7.26 10:00,-4.76,-3.15,-4.69,-4.36
2024.7.26 11:00,-4.85,-3.15,-4.72,-4.31
2024.7.26 12:00,-4.87,-3.17,-4.74,-4.31
2024.7.26 13:00,-4.72,-3.17,-4.64,-4.32
2024.7.26 14:00,-4.64,-3.14,-4.68,-4.31
2024.7.26 15:00,-4.64,-3.13,-4.59,-4.27
2024.7.26 16:00,-4.5,-3.14,-4.45,-4.32
2024.7.26 17:00,-4.3,-3.16,-4.26,-4.31
2024.7.26 18:00,-4.4,-3.12,-4.3,-4.31
2024.7.26 19:00,-4.45,-3.14,-4.31,-4.32
2024.7.26 20:00,-4.48,-3.16,-4.32,-4.32
2024.7.26 21:00,-4.52,-3.16,-4.33,-4.32
2024.7.26 22:00,-4.54,-3.16,-4.35,-4.32
2024.7.26 23:00,-4.56,-3.15,-4.35,-4.31
2024.7.27 0:00,-4.56,-3.15,-4.37,-4.31
2024.7.27 1:00,-4.58,-3.17,-4.39,-4.31
2024.7.27 2:00,-4.58,-3.17,-4.41,-4.31
2024.7.27 3:00,-4.57,-3.17,-4.41,-4.31
2024.7.27 4:00,-4.57,-3.16,-4.42,-4.31
2024.7.27 5:00,-4.57,-3.17,-4.43,-4.33
2024.7.27 6:00,-4.59,-3.17,-4.43,-4.32
2024.7.27 7:00,-4.64,-3.17,-4.47,-4.32
2024.7.27 8:00,-4.64,-3.16,-4.51,-4.35
2024.7.27 9:00,-4.69,-3.16,-4.58,-4.34
2024.7.27 10:00,-4.68,-3.17,-4.69,-4.28
2024.7.27 11:00,-4.66,-3.19,-4.7,-4.3
2024.7.27 12:00,-4.71,-3.19,-4.68,-4.27
2024.7.27 13:00,-4.58,-3.18,-4.69,-4.27
2024.7.27 14:00,-4.56,-3.13,-4.52,-4.26
2024.7.27 15:00,-4.46,-3.19,-4.52,-4.31
2024.7.27 16:00,-4.52,-3.2,-4.46,-4.28
2024.7.27 17:00,-4.49,-3.19,-4.43,-4.29
2024.7.27 18:00,-4.55,-3.2,-4.4,-4.28
2024.7.27 19:00,-4.55,-3.2,-4.4,-4.28
2024.7.27 20:00,-4.55,-3.2,-4.4,-4.29
2024.7.27 21:00,-4.56,-3.21,-4.41,-4.29
2024.7.27 22:00,-4.56,-3.2,-4.42,-4.29
2024.7.27 23:00,-4.57,-3.2,-4.44,-4.3
2024.7.28 0:00,-4.56,-3.2,-4.45,-4.3
2024.7.28 1:00,-4.56,-3.21,-4.45,-4.29
2024.7.28 2:00,-4.56,-3.21,-4.47,-4.3
2024.7.28 3:00,-4.56,-3.21,-4.47,-4.3
2024.7.28 4:00,-4.56,-3.21,-4.48,-4.3
2024.7.28 5:00,-4.57,-3.21,-4.48,-4.33
2024.7.28 6:00,-4.56,-3.21,-4.49,-4.34
2024.7.28 7:00,-4.65,-3.21,-4.52,-4.34
2024.7.28 8:00,-4.71,-3.19,-4.56,-4.29
2024.7.28 9:00,-4.69,-3.21,-4.66,-4.3
2024.7.28 10:00,-4.64,-3.2,-4.75,-4.3
2024.7.28 11:00,-4.6,-3.2,-4.71,-4.29
2024.7.28 12:00,-4.59,-3.19,-4.65,-4.29
2024.7.28 13:00,-4.57,-3.2,-4.66,-4.27
2024.7.28 14:00,-4.58,-3.17,-4.63,-4.28
2024.7.28 15:00,-4.47,-3.21,-4.65,-4.27
2024.7.28 16:00,-4.46,-3.19,-4.48,-4.27
2024.7.28 17:00,-4.47,-3.19,-4.43,-4.27
2024.7.28 18:00,-4.48,-3.21,-4.37,-4.26
2024.7.28 19:00,-4.49,-3.21,-4.35,-4.27
2024.7.28 20:00,-4.51,-3.2,-4.35,-4.27
2024.7.28 21:00,-4.53,-3.21,-4.36,-4.28
2024.7.28 22:00,-4.54,-3.22,-4.39,-4.28
2024.7.28 23:00,-4.56,-3.22,-4.39,-4.29
2024.7.29 0:00,-4.57,-3.22,-4.41,-4.29
2024.7.29 1:00,-4.58,-3.22,-4.45,-4.29
2024.7.29 2:00,-4.57,-3.22,-4.47,-4.29
2024.7.29 3:00,-4.58,-3.23,-4.48,-4.29
2024.7.29 4:00,-4.58,-3.25,-4.48,-4.29
2024.7.29 5:00,-4.58,-3.24,-4.5,-4.3
2024.7.29 6:00,-4.59,-3.24,-4.51,-4.29
2024.7.29 7:00,-4.58,-3.24,-4.54,-4.29
2024.7.29 8:00,-4.62,-3.24,-4.57,-4.29
2024.7.29 9:00,-4.61,-3.26,-4.54,-4.29
2024.7.29 10:00,-4.59,-3.25,-4.55,-4.29
2024.7.29 11:00,-4.6,-3.25,-4.55,-4.28
2024.7.29 12:00,-4.59,-3.25,-4.54,-4.3
2024.7.29 13:00,-4.63,-3.26,-4.52,-4.29
2024.7.29 14:00,-4.62,-3.27,-4.55,-4.29
2024.7.29 15:00,-4.62,-3.26,-4.54,-4.28
2024.7.29 16:00,-4.61,-3.26,-4.55,-4.29
2024.7.29 17:00,-4.61,-3.27,-4.53,-4.28
2024.7.29 18:00,-4.61,-3.29,-4.51,-4.29
2024.7.29 19:00,-4.63,-3.28,-4.51,-4.29
2024.7.29 20:00,-4.62,-3.28,-4.51,-4.29
2024.7.29 21:00,-4.62,-3.26,-4.52,-4.3
2024.7.29 22:00,-4.63,-3.28,-4.51,-4.3
2024.7.29 23:00,-4.64,-3.29,-4.53,-4.3
2024.7.30 0:00,-4.66,-3.3,-4.54,-4.29
2024.7.30 1:00,-4.66,-3.29,-4.55,-4.29
2024.7.30 2:00,-4.66,-3.3,-4.56,-4.31
2024.7.30 3:00,-4.67,-3.3,-4.56,-4.3
2024.7.30 4:00,-4.67,-3.32,-4.57,-4.3
2024.7.30 5:00,-4.67,-3.32,-4.57,-4.31
2024.7.30 6:00,-4.68,-3.32,-4.56,-4.31
2024.7.30 7:00,-4.68,-3.32,-4.59,-4.32
2024.7.30 8:00,-4.71,-3.32,-4.61,-4.32
2024.7.30 9:00,-4.7,-3.33,-4.64,-4.32
2024.7.30 10:00,-4.71,-3.33,-4.65,-4.33
2024.7.30 11:00,-4.76,-3.34,-4.7,-4.34
2024.7.30 12:00,-4.78,-3.34,-4.78,-4.32
2024.7.30 13:00,-4.82,-3.34,-4.82,-4.33
2024.7.30 14:00,-4.78,-3.35,-4.8,-4.32
2024.7.30 15:00,-4.72,-3.35,-4.84,-4.34
2024.7.30 16:00,-4.65,-3.35,-4.81,-4.34
2024.7.30 17:00,-4.66,-3.36,-4.59,-4.33
2024.7.30 18:00,-4.66,-3.36,-4.53,-4.34
2024.7.30 19:00,-4.66,-3.36,-4.52,-4.35
2024.7.30 20:00,-4.69,-3.35,-4.53,-4.36
2024.7.30 21:00,-4.7,-3.38,-4.56,-4.36
2024.7.30 22:00,-4.72,-3.38,-4.59,-4.36
2024.7.30 23:00,-4.73,-3.39,-4.61,-4.37
2024.7.31 0:00,-4.73,-3.39,-4.63,-4.37
2024.7.31 1:00,-4.74,-3.39,-4.64,-4.38
2024.7.31 2:00,-4.74,-3.4,-4.66,-4.38
2024.7.31 3:00,-4.75,-3.4,-4.67,-4.38
2024.7.31 4:00,-4.75,-3.41,-4.67,-4.4
2024.7.31 5:00,-4.76,-3.41,-4.7,-4.39
2024.7.31 6:00,-4.78,-3.41,-4.72,-4.4
2024.7.31 7:00,-4.81,-3.41,-4.78,-4.41
2024.7.31 8:00,-4.82,-3.42,-4.81,-4.43
2024.7.31 9:00,-4.83,-3.41,-4.89,-4.41
2024.7.31 10:00,-4.85,-3.41,-4.99,-4.43
2024.7.31 11:00,-4.88,-3.41,-5.02,-4.46
2024.7.31 12:00,-4.83,-3.44,-4.96,-4.44
2024.7.31 13:00,-4.78,-3.44,-4.96,-4.41
2024.7.31 14:00,-4.76,-3.43,-4.98,-4.44
2024.7.31 15:00,-4.74,-3.45,-4.93,-4.45
2024.7.31 16:00,-4.75,-3.44,-4.86,-4.46
2024.7.31 17:00,-4.76,-3.47,-4.71,-4.47
2024.7.31 18:00,-4.77,-3.47,-4.67,-4.47
2024.7.31 19:00,-4.8,-3.48,-4.68,-4.47
2024.7.31 20:00,-4.82,-3.48,-4.7,-4.48
2024.7.31 21:00,-4.86,-3.49,-4.74,-4.49
2024.7.31 22:00,-4.89,-3.49,-4.78,-4.49
2024.7.31 23:00,-4.91,-3.5,-4.81,-4.51
2024.8.1 0:00,-4.92,-3.5,-4.82,-4.5
2024.8.1 1:00,-4.93,-3.51,-4.82,-4.51
2024.8.1 2:00,-4.95,-3.51,-4.83,-4.52
2024.8.1 3:00,-4.95,-3.51,-4.86,-4.53
2024.8.1 4:00,-4.96,-3.52,-4.87,-4.53
2024.8.1 5:00,-4.97,-3.53,-4.89,-4.54
2024.8.1 6:00,-4.98,-3.54,-4.9,-4.55
2024.8.1 7:00,-5.06,-3.54,-4.91,-4.57
2024.8.1 8:00,-5.1,-3.55,-4.94,-4.64
2024.8.1 9:00,-5.1,-3.55,-4.95,-4.55
2024.8.1 10:00,-5.09,-3.55,-4.99,-4.57
2024.8.1 11:00,-5.13,-3.57,-5.11,-4.6
2024.8.1 12:00,-5.17,-3.58,-5.09,-4.59
2024.8.1 13:00,-5.25,-3.58,-5.1,-4.59
2024.8.1 14:00,-5.29,-3.59,-5.12,-4.59
2024.8.1 15:00,-5.15,-3.59,-5.12,-4.6
2024.8.1 16:00,-5.17,-3.59,-5.22,-4.62
2024.8.1 17:00,-5.2,-3.59,-5.25,-4.62
2024.8.1 18:00,-5.21,-3.59,-5.11,-4.62
2024.8.1 19:00,-5.23,-3.62,-4.95,-4.64
2024.8.1 20:00,-5.25,-3.63,-4.87,-4.66
2024.8.1 21:00,-5.27,-3.64,-4.85,-4.66
2024.8.1 22:00,-5.28,-3.65,-4.87,-4.68
2024.8.1 23:00,-5.29,-3.66,-4.9,-4.68
2024.8.2 0:00,-5.32,-3.66,-4.94,-4.69
2024.8.2 1:00,-5.31,-3.68,-4.96,-4.69
2024.8.2 2:00,-5.31,-3.68,-4.99,-4.71
2024.8.2 3:00,-5.32,-3.67,-5.02,-4.72
2024.8.2 4:00,-5.31,-3.69,-5.03,-4.73
2024.8.2 5:00,-5.32,-3.7,-5.06,-4.75
2024.8.2 6:00,-5.34,-3.7,-5.06,-4.75
2024.8.2 7:00,-5.43,-3.71,-5.07,-4.77
2024.8.2 8:00,-5.46,-3.72,-5.11,-4.77
2024.8.2 9:00,-5.46,-3.71,-5.13,-4.75
2024.8.2 10:00,-5.46,-3.74,-5.19,-4.79
2024.8.2 11:00,-5.54,-3.74,-5.22,-4.79
2024.8.2 12:00,-5.65,-3.75,-5.17,-4.79
2024.8.2 13:00,-5.66,-3.76,-5.22,-4.78
2024.8.2 14:00,-5.68,-3.78,-5.29,-4.8
2024.8.2 15:00,-5.68,-3.8,-5.38,-4.81
2024.8.2 16:00,-5.64,-3.8,-5.2,-4.81
2024.8.2 17:00,-5.66,-3.82,-5.37,-4.83
2024.8.2 18:00,-5.66,-3.83,-5.37,-4.84
2024.8.2 19:00,-5.67,-3.85,-5.12,-4.86
2024.8.2 20:00,-5.69,-3.86,-5.07,-4.86
2024.8.2 21:00,-5.71,-3.86,-5.04,-4.86
2024.8.2 22:00,-5.72,-3.88,-5.07,-4.88
2024.8.2 23:00,-5.73,-3.88,-5.1,-4.87
2024.8.3 0:00,-5.72,-3.9,-5.13,-4.9
2024.8.3 1:00,-5.74,-3.91,-5.15,-4.9
2024.8.3 2:00,-5.73,-3.92,-5.18,-4.91
2024.8.3 3:00,-5.73,-3.93,-5.19,-4.92
2024.8.3 4:00,-5.72,-3.95,-5.2,-4.94
2024.8.3 5:00,-5.73,-3.96,-5.21,-4.95
2024.8.3 6:00,-5.74,-3.96,-5.23,-4.97
2024.8.3 7:00,-5.76,-3.97,-5.25,-5
2024.8.3 8:00,-5.8,-3.97,-5.29,-4.96
2024.8.3 9:00,-5.79,-3.96,-5.34,-4.96
2024.8.3 10:00,-5.79,-3.98,-5.39,-5.05
2024.8.3 11:00,-5.84,-3.99,-5.43,-4.97
2024.8.3 12:00,-5.88,-3.99,-5.49,-4.97
2024.8.3 13:00,-5.77,-3.99,-5.66,-4.95
2024.8.3 14:00,-5.77,-3.99,-5.64,-5
2024.8.3 15:00,-5.71,-4.01,-5.6,-5.01
2024.8.3 16:00,-5.56,-4.03,-5.51,-5.01
2024.8.3 17:00,-5.58,-4,-5.44,-5.03
2024.8.3 18:00,-5.6,-4.04,-5.38,-5.03
2024.8.3 19:00,-5.63,-4.05,-5.22,-5.05
2024.8.3 20:00,-5.63,-4.05,-5.19,-5.06
2024.8.3 21:00,-5.66,-4.06,-5.19,-5.06
2024.8.3 22:00,-5.67,-4.1,-5.21,-5.08
2024.8.3 23:00,-5.69,-4.1,-5.24,-5.09
2024.8.4 0:00,-5.71,-4.1,-5.26,-5.09
2024.8.4 1:00,-5.7,-4.12,-5.29,-5.1
2024.8.4 2:00,-5.72,-4.12,-5.3,-5.1
2024.8.4 3:00,-5.73,-4.12,-5.34,-5.11
2024.8.4 4:00,-5.73,-4.12,-5.36,-5.12
2024.8.4 5:00,-5.72,-4.15,-5.37,-5.14
2024.8.4 6:00,-5.74,-4.15,-5.38,-5.19
2024.8.4 7:00,-5.76,-4.16,-5.4,-5.22
2024.8.4 8:00,-5.8,-4.17,-5.45,-5.21
2024.8.4 9:00,-5.89,-4.16,-5.5,-5.2
2024.8.4 10:00,-5.88,-4.16,-5.58,-5.23
2024.8.4 11:00,-5.86,-4.19,-5.79,-5.18
2024.8.4 12:00,-5.87,-4.19,-5.86,-5.09
2024.8.4 13:00,-5.75,-4.19,-5.88,-5.16
2024.8.4 14:00,-5.62,-4.19,-5.65,-5.2
2024.8.4 15:00,-5.7,-4.21,-5.52,-5.2
2024.8.4 16:00,-5.71,-4.22,-5.62,-5.19
2024.8.4 17:00,-5.69,-4.23,-5.66,-5.19
2024.8.4 18:00,-5.68,-4.23,-5.5,-5.2
2024.8.4 19:00,-5.7,-4.23,-5.39,-5.21
2024.8.4 20:00,-5.69,-4.23,-5.37,-5.22
2024.8.4 21:00,-5.7,-4.23,-5.37,-5.22
2024.8.4 22:00,-5.72,-4.23,-5.38,-5.23
2024.8.4 23:00,-5.73,-4.24,-5.41,-5.23
2024.8.5 0:00,-5.74,-4.25,-5.44,-5.25
2024.8.5 1:00,-5.71,-4.24,-5.46,-5.25
2024.8.5 2:00,-5.74,-4.25,-5.47,-5.27
2024.8.5 3:00,-5.74,-4.25,-5.51,-5.27
2024.8.5 4:00,-5.74,-4.26,-5.53,-5.27
2024.8.5 5:00,-5.74,-4.26,-5.55,-5.27
2024.8.5 6:00,-5.76,-4.26,-5.57,-5.29
2024.8.5 7:00,-5.73,-4.27,-5.58,-5.34
2024.8.5 8:00,-5.81,-4.25,-5.61,-5.34
2024.8.5 9:00,-5.85,-4.28,-5.66,-5.32
2024.8.5 10:00,-5.8,-4.29,-5.75,-5.35
2024.8.5 11:00,-5.83,-4.3,-5.81,-5.35
2024.8.5 12:00,-5.87,-4.3,-5.79,-5.3
2024.8.5 13:00,-5.9,-4.31,-5.78,-5.3
2024.8.5 14:00,-5.86,-4.32,-5.85,-5.28
2024.8.5 15:00,-5.9,-4.32,-5.64,-5.28
2024.8.5 16:00,-5.81,-4.34,-5.68,-5.31
2024.8.5 17:00,-5.83,-4.35,-5.58,-5.33
2024.8.5 18:00,-5.85,-4.35,-5.5,-5.33
2024.8.5 19:00,-5.88,-4.35,-5.48,-5.33
2024.8.5 20:00,-5.94,-4.37,-5.48,-5.35
2024.8.5 21:00,-5.94,-4.37,-5.48,-5.36
2024.8.5 22:00,-5.96,-4.4,-5.52,-5.36
2024.8.5 23:00,-5.97,-4.38,-5.55,-5.38
2024.8.6 0:00,-5.98,-4.39,-5.59,-5.38
2024.8.6 1:00,-5.99,-4.38,-5.61,-5.39
2024.8.6 2:00,-5.99,-4.39,-5.64,-5.4
2024.8.6 3:00,-5.99,-4.39,-5.66,-5.4
2024.8.6 4:00,-5.99,-4.4,-5.67,-5.42
2024.8.6 5:00,-6,-4.4,-5.69,-5.42
2024.8.6 6:00,-5.99,-4.4,-5.7,-5.43
2024.8.6 7:00,-6.02,-4.41,-5.73,-5.45
2024.8.6 8:00,-5.99,-4.41,-5.79,-5.44
2024.8.6 9:00,-5.97,-4.42,-5.72,-5.43
2024.8.6 10:00,-6.02,-4.43,-5.72,-5.46
2024.8.6 11:00,-6.06,-4.48,-5.72,-5.45
2024.8.6 12:00,-6.02,-4.54,-5.84,-5.45
2024.8.6 13:00,-6.02,-4.55,-5.92,-5.47
2024.8.6 14:00,-6.15,-4.55,-6.03,-5.45
2024.8.6 15:00,-6.05,-4.49,-6.12,-5.48
2024.8.6 16:00,-5.99,-4.41,-6.14,-5.48
2024.8.6 17:00,-5.84,-4.38,-6.05,-5.48
2024.8.6 18:00,-5.86,-4.39,-5.96,-5.48
2024.8.6 19:00,-5.86,-4.38,-5.79,-5.47
2024.8.6 20:00,-5.86,-4.38,-5.69,-5.48
2024.8.6 21:00,-5.86,-4.39,-5.64,-5.48
2024.8.6 22:00,-5.86,-4.38,-5.61,-5.49
2024.8.6 23:00,-5.87,-4.38,-5.62,-5.49
2024.8.7 0:00,-5.88,-4.39,-5.64,-5.5
2024.8.7 1:00,-5.87,-4.39,-5.64,-5.51
2024.8.7 2:00,-5.88,-4.38,-5.66,-5.52
2024.8.7 3:00,-5.88,-4.39,-5.68,-5.52
2024.8.7 4:00,-5.88,-4.39,-5.7,-5.51
2024.8.7 5:00,-5.89,-4.4,-5.72,-5.53
2024.8.7 6:00,-5.88,-4.39,-5.71,-5.57
2024.8.7 7:00,-5.87,-4.4,-5.73,-5.57
2024.8.7 8:00,-5.9,-4.38,-5.76,-5.57
2024.8.7 9:00,-5.94,-4.4,-5.83,-5.56
2024.8.7 10:00,-5.96,-4.39,-5.89,-5.51
2024.8.7 11:00,-5.85,-4.38,-5.92,-5.57
2024.8.7 12:00,-5.92,-4.4,-5.92,-5.59
2024.8.7 13:00,-5.99,-4.4,-6,-5.51
2024.8.7 14:00,-5.97,-4.4,-6.03,-5.49
2024.8.7 15:00,-5.77,-4.4,-5.85,-5.55
2024.8.7 16:00,-5.85,-4.41,-5.98,-5.55
2024.8.7 17:00,-5.79,-4.4,-6.08,-5.55
2024.8.7 18:00,-5.8,-4.4,-5.94,-5.55
2024.8.7 19:00,-5.8,-4.42,-5.74,-5.55
2024.8.7 20:00,-5.81,-4.42,-5.68,-5.55
2024.8.7 21:00,-5.81,-4.42,-5.66,-5.55
2024.8.7 22:00,-5.82,-4.42,-5.67,-5.56
2024.8.7 23:00,-5.83,-4.42,-5.68,-5.56
2024.8.8 0:00,-5.84,-4.42,-5.71,-5.57
2024.8.8 1:00,-5.84,-4.42,-5.73,-5.57
2024.8.8 2:00,-5.84,-4.42,-5.75,-5.57
2024.8.8 3:00,-5.85,-4.42,-5.78,-5.57
2024.8.8 4:00,-5.85,-4.43,-5.8,-5.58
2024.8.8 5:00,-5.85,-4.43,-5.79,-5.57
2024.8.8 6:00,-5.85,-4.43,-5.81,-5.57
2024.8.8 7:00,-5.83,-4.43,-5.82,-5.6
2024.8.8 8:00,-5.83,-4.44,-5.81,-5.6
2024.8.8 9:00,-5.88,-4.43,-5.84,-5.6
2024.8.8 10:00,-5.97,-4.43,-5.94,-5.67
2024.8.8 11:00,-5.87,-4.43,-6,-5.61
2024.8.8 12:00,-5.84,-4.43,-5.97,-5.61
2024.8.8 13:00,-5.79,-4.43,-5.98,-5.57
2024.8.8 14:00,-5.84,-4.44,-5.91,-5.58
2024.8.8 15:00,-5.85,-4.43,-5.91,-5.64
2024.8.8 16:00,-5.82,-4.43,-5.96,-5.63
2024.8.8 17:00,-5.81,-4.43,-6.01,-5.63
2024.8.8 18:00,-5.79,-4.43,-5.88,-5.64
2024.8.8 19:00,-5.81,-4.44,-5.88,-5.64
2024.8.8 20:00,-5.81,-4.43,-5.83,-5.65
2024.8.8 21:00,-5.83,-4.44,-5.82,-5.65
2024.8.8 22:00,-5.82,-4.44,-5.82,-5.67
2024.8.8 23:00,-5.83,-4.43,-5.83,-5.68
2024.8.9 0:00,-5.84,-4.44,-5.84,-5.69
2024.8.9 1:00,-5.84,-4.44,-5.85,-5.7
2024.8.9 2:00,-5.84,-4.44,-5.85,-5.7
2024.8.9 3:00,-5.84,-4.44,-5.87,-5.71
2024.8.9 4:00,-5.85,-4.45,-5.88,-5.72
2024.8.9 5:00,-5.85,-4.45,-5.89,-5.71
2024.8.9 6:00,-5.85,-4.46,-5.91,-5.73
2024.8.9 7:00,-5.97,-4.46,-5.93,-5.73
2024.8.9 8:00,-5.96,-4.46,-5.99,-5.8
2024.8.9 9:00,-5.92,-4.45,-6.04,-5.8
2024.8.9 10:00,-5.87,-4.45,-6.15,-5.79
2024.8.9 11:00,-5.85,-4.45,-6.3,-5.75
2024.8.9 12:00,-5.93,-4.44,-6.25,-5.72
2024.8.9 13:00,-5.93,-4.45,-6.15,-5.73
2024.8.9 14:00,-5.89,-4.45,-6.16,-5.74
2024.8.9 15:00,-5.73,-4.44,-6.26,-5.76
2024.8.9 16:00,-5.72,-4.45,-6.21,-5.76
2024.8.9 17:00,-5.76,-4.46,-6.04,-5.75
2024.8.9 18:00,-5.78,-4.46,-5.88,-5.75
2024.8.9 19:00,-5.79,-4.46,-5.81,-5.75
2024.8.9 20:00,-5.8,-4.46,-5.78,-5.78
2024.8.9 21:00,-5.82,-4.46,-5.77,-5.78
2024.8.9 22:00,-5.82,-4.47,-5.79,-5.8
2024.8.9 23:00,-5.83,-4.47,-5.81,-5.79
2024.8.10 0:00,-5.83,-4.47,-5.83,-5.8
2024.8.10 1:00,-5.84,-4.48,-5.84,-5.81
2024.8.10 2:00,-5.84,-4.48,-5.86,-5.81
2024.8.10 3:00,-5.84,-4.48,-5.88,-5.81
2024.8.10 4:00,-5.84,-4.48,-5.88,-5.83
2024.8.10 5:00,-5.85,-4.48,-5.9,-5.82
2024.8.10 6:00,-5.86,-4.49,-5.91,-5.84
2024.8.10 7:00,-5.88,-4.48,-5.95,-5.86
2024.8.10 8:00,-5.91,-4.48,-6,-5.9
2024.8.10 9:00,-5.99,-4.49,-6.04,-5.87
2024.8.10 10:00,-5.93,-4.49,-6.16,-5.87
2024.8.10 11:00,-5.88,-4.49,-6.24,-5.84
2024.8.10 12:00,-5.83,-4.49,-6.16,-5.84
2024.8.10 13:00,-5.95,-4.48,-6.1,-5.85
2024.8.10 14:00,-5.84,-4.48,-6.17,-5.84
2024.8.10 15:00,-5.79,-4.49,-6.07,-5.84
2024.8.10 16:00,-5.79,-4.5,-6.03,-5.85
2024.8.10 17:00,-5.81,-4.49,-5.98,-5.85
2024.8.10 18:00,-5.82,-4.49,-5.94,-5.86
2024.8.10 19:00,-5.82,-4.49,-5.95,-5.85
2024.8.10 20:00,-5.81,-4.51,-5.92,-5.86
2024.8.10 21:00,-5.81,-4.5,-5.88,-5.87
2024.8.10 22:00,-5.82,-4.51,-5.87,-5.87
2024.8.10 23:00,-5.83,-4.51,-5.88,-5.88
2024.8.11 0:00,-5.85,-4.51,-5.9,-5.88
2024.8.11 1:00,-5.84,-4.53,-5.91,-5.87
2024.8.11 2:00,-5.84,-4.51,-5.93,-5.89
2024.8.11 3:00,-5.86,-4.51,-5.95,-5.88
2024.8.11 4:00,-5.85,-4.52,-5.96,-5.89
2024.8.11 5:00,-5.86,-4.51,-5.96,-5.89
2024.8.11 6:00,-5.85,-4.52,-5.99,-5.89
2024.8.11 7:00,-5.86,-4.52,-6.01,-5.91
2024.8.11 8:00,-5.89,-4.52,-6.07,-5.93
2024.8.11 9:00,-5.91,-4.51,-6.12,-5.96
2024.8.11 10:00,-5.94,-4.53,-6.23,-5.96
2024.8.11 11:00,-5.88,-4.54,-6.24,-5.96
2024.8.11 12:00,-5.95,-4.52,-6.25,-5.92
2024.8.11 13:00,-5.92,-4.52,-6.18,-5.88
2024.8.11 14:00,-5.91,-4.53,-6.15,-5.89
2024.8.11 15:00,-5.86,-4.53,-6.23,-5.91
2024.8.11 16:00,-5.84,-4.53,-6.15,-5.91
2024.8.11 17:00,-5.78,-4.53,-5.99,-5.9
2024.8.11 18:00,-5.79,-4.53,-5.93,-5.91
2024.8.11 19:00,-5.81,-4.53,-5.9,-5.9
2024.8.11 20:00,-5.83,-4.53,-5.89,-5.89
2024.8.11 21:00,-5.84,-4.53,-5.9,-5.89
2024.8.11 22:00,-5.84,-4.53,-5.92,-5.92
2024.8.11 23:00,-5.85,-4.54,-5.94,-5.92
2024.8.12 0:00,-5.86,-4.55,-5.95,-5.93
2024.8.12 1:00,-5.84,-4.55,-5.96,-5.92
2024.8.12 2:00,-5.87,-4.55,-5.98,-5.94
2024.8.12 3:00,-5.87,-4.55,-6,-5.94
2024.8.12 4:00,-5.87,-4.55,-6.01,-5.93
2024.8.12 5:00,-5.87,-4.56,-6.02,-5.95
2024.8.12 6:00,-5.88,-4.56,-6.03,-5.95
2024.8.12 7:00,-5.88,-4.56,-6.07,-5.96
2024.8.12 8:00,-5.9,-4.56,-6.07,-5.96
2024.8.12 9:00,-5.93,-4.56,-6.11,-6.03
2024.8.12 10:00,-6,-4.56,-6.2,-5.92
2024.8.12 11:00,-5.87,-4.56,-6.15,-5.94
2024.8.12 12:00,-5.88,-4.56,-6.2,-6.04
2024.8.12 13:00,-5.98,-4.57,-6.25,-5.9
2024.8.12 14:00,-5.9,-4.57,-6.3,-5.94
2024.8.12 15:00,-5.82,-4.56,-6.24,-5.94
2024.8.12 16:00,-5.82,-4.56,-6.07,-5.95
2024.8.12 17:00,-5.81,-4.56,-5.99,-5.93
2024.8.12 18:00,-5.8,-4.56,-5.95,-5.94
2024.8.12 19:00,-5.81,-4.57,-5.93,-5.93
2024.8.12 20:00,-5.82,-4.57,-5.94,-5.94
2024.8.12 21:00,-5.84,-4.58,-5.95,-5.95
2024.8.12 22:00,-5.86,-4.57,-5.96,-5.95
2024.8.12 23:00,-5.86,-4.59,-5.98,-5.97
2024.8.13 0:00,-5.87,-4.58,-5.98,-5.96
2024.8.13 1:00,-5.87,-4.58,-6,-5.96
2024.8.13 2:00,-5.87,-4.58,-6.01,-5.97
2024.8.13 3:00,-5.88,-4.59,-6.03,-5.97
2024.8.13 4:00,-5.88,-4.59,-6.05,-5.97
2024.8.13 5:00,-5.88,-4.59,-6.06,-5.97
2024.8.13 6:00,-5.89,-4.59,-6.07,-5.99
2024.8.13 7:00,-5.9,-4.59,-6.12,-5.99
2024.8.13 8:00,-5.94,-4.59,-6.12,-5.99
2024.8.13 9:00,-5.94,-4.59,-6.12,-6.02
2024.8.13 10:00,-5.94,-4.59,-6.17,-6.02
2024.8.13 11:00,-5.97,-4.58,-6.23,-6.04
2024.8.13 12:00,-6.01,-4.59,-6.29,-6.01
2024.8.13 13:00,-5.98,-4.58,-6.24,-5.93
2024.8.13 14:00,-5.85,-4.59,-6.22,-5.94
2024.8.13 15:00,-5.93,-4.59,-6.19,-5.96
2024.8.13 16:00,-5.8,-4.59,-6.26,-5.96
2024.8.13 17:00,-5.79,-4.58,-6.37,-5.96
2024.8.13 18:00,-5.81,-4.59,-6.1,-5.96
2024.8.13 19:00,-5.83,-4.59,-6,-5.96
2024.8.13 20:00,-5.84,-4.6,-5.96,-5.97
2024.8.13 21:00,-5.86,-4.61,-5.96,-5.98
2024.8.13 22:00,-5.86,-4.6,-5.97,-5.99
2024.8.13 23:00,-5.88,-4.6,-5.98,-5.99
2024.8.14 0:00,-5.88,-4.6,-6.02,-5.99
2024.8.14 1:00,-5.9,-4.6,-6.04,-5.99
2024.8.14 2:00,-5.89,-4.6,-6.05,-5.99
2024.8.14 3:00,-5.89,-4.61,-6.06,-5.98
2024.8.14 4:00,-5.9,-4.61,-6.07,-6
2024.8.14 5:00,-5.9,-4.61,-6.08,-6
2024.8.14 6:00,-5.89,-4.61,-6.07,-6
2024.8.14 7:00,-5.91,-4.6,-6.07,-6
2024.8.14 8:00,-5.99,-4.61,-6.09,-6.06
2024.8.14 9:00,-6.02,-4.62,-6.12,-6.08
2024.8.14 10:00,-5.98,-4.61,-6.25,-6.04
2024.8.14 11:00,-5.96,-4.61,-6.25,-6.06
2024.8.14 12:00,-5.99,-4.62,-6.26,-6.04
2024.8.14 13:00,-5.93,-4.6,-6.28,-5.97
2024.8.14 14:00,-5.81,-4.61,-6.25,-5.99
2024.8.14 15:00,-5.81,-4.61,-6.25,-6
2024.8.14 16:00,-5.79,-4.61,-6.28,-5.97
2024.8.14 17:00,-5.77,-4.62,-6.36,-6
2024.8.14 18:00,-5.81,-4.62,-6.16,-5.99
2024.8.14 19:00,-5.84,-4.63,-6.02,-5.99
2024.8.14 20:00,-5.85,-4.62,-5.95,-5.98
2024.8.14 21:00,-5.87,-4.62,-5.96,-6
2024.8.14 22:00,-5.88,-4.63,-5.97,-6.01
2024.8.14 23:00,-5.88,-4.63,-5.99,-6.01
2024.8.15 0:00,-5.9,-4.63,-6.02,-6.01
2024.8.15 1:00,-5.91,-4.63,-6.04,-6.01
2024.8.15 2:00,-5.91,-4.63,-6.06,-6.02
2024.8.15 3:00,-5.91,-4.63,-6.07,-6.01
2024.8.15 4:00,-5.91,-4.64,-6.08,-6.02
2024.8.15 5:00,-5.91,-4.64,-6.09,-6.01
2024.8.15 6:00,-5.91,-4.64,-6.09,-6.03
2024.8.15 7:00,-5.93,-4.64,-6.11,-6.03
2024.8.15 8:00,-5.93,-4.64,-6.13,-6.04
2024.8.15 9:00,-5.95,-4.64,-6.17,-6.09
2024.8.15 10:00,-6.01,-4.64,-6.22,-6.07
2024.8.15 11:00,-6.03,-4.65,-6.27,-6.04
2024.8.15 12:00,-5.95,-4.65,-6.29,-6.09
2024.8.15 13:00,-6.02,-4.64,-6.29,-5.98
2024.8.15 14:00,-5.89,-4.65,-6.27,-6
2024.8.15 15:00,-5.88,-4.63,-6.22,-6
2024.8.15 16:00,-5.87,-4.64,-6.37,-6.04
2024.8.15 17:00,-5.85,-4.64,-6.27,-6.02
2024.8.15 18:00,-5.88,-4.64,-6.18,-6
2024.8.15 19:00,-5.85,-4.64,-6.02,-6.02
2024.8.15 20:00,-5.87,-4.65,-5.97,-6.03
2024.8.15 21:00,-5.88,-4.65,-5.97,-6.01
2024.8.15 22:00,-5.9,-4.66,-5.99,-6.04
2024.8.15 23:00,-5.91,-4.65,-6.03,-6.04
2024.8.16 0:00,-5.93,-4.66,-6.05,-6.04
2024.8.16 1:00,-5.93,-4.66,-6.07,-6.03
2024.8.16 2:00,-5.92,-4.65,-6.1,-6.04
2024.8.16 3:00,-5.93,-4.66,-6.11,-6.04
2024.8.16 4:00,-5.93,-4.67,-6.12,-6.04
2024.8.16 5:00,-5.92,-4.66,-6.12,-6.04
2024.8.16 6:00,-5.94,-4.66,-6.12,-6.05
2024.8.16 7:00,-6.01,-4.67,-6.14,-6.08
2024.8.16 8:00,-6.04,-4.67,-6.16,-6.14
2024.8.16 9:00,-6.03,-4.67,-6.21,-6.08
2024.8.16 10:00,-6.03,-4.67,-6.28,-6.05
2024.8.16 11:00,-5.97,-4.67,-6.32,-6.1
2024.8.16 12:00,-6,-4.66,-6.33,-6.04
2024.8.16 13:00,-5.97,-4.66,-6.3,-6
2024.8.16 14:00,-6.02,-4.67,-6.28,-6.02
2024.8.16 15:00,-5.9,-4.67,-6.29,-6.04
2024.8.16 16:00,-5.83,-4.67,-6.41,-6.04
2024.8.16 17:00,-5.88,-4.67,-6.33,-6.01
2024.8.16 18:00,-5.9,-4.68,-6.13,-6.04
2024.8.16 19:00,-5.91,-4.68,-6.06,-6.04
2024.8.16 20:00,-5.91,-4.68,-6.05,-6.05
2024.8.16 21:00,-5.91,-4.68,-6.05,-6.05
2024.8.16 22:00,-5.93,-4.67,-6.06,-6.06
2024.8.16 23:00,-5.93,-4.68,-6.09,-6.07
2024.8.17 0:00,-5.94,-4.69,-6.1,-6.06
2024.8.17 1:00,-5.94,-4.69,-6.13,-6.06
2024.8.17 2:00,-5.95,-4.69,-6.14,-6.06
2024.8.17 3:00,-5.95,-4.69,-6.16,-6.07
2024.8.17 4:00,-5.95,-4.69,-6.16,-6.05
2024.8.17 5:00,-5.94,-4.69,-6.17,-6.06
2024.8.17 6:00,-5.94,-4.7,-6.17,-6.07
2024.8.17 7:00,-5.96,-4.7,-6.18,-6.09
2024.8.17 8:00,-6.02,-4.7,-6.22,-6.12
2024.8.17 9:00,-6.05,-4.7,-6.25,-6.15
2024.8.17 10:00,-6.05,-4.69,-6.3,-6.09
2024.8.17 11:00,-6.03,-4.7,-6.32,-6.15
2024.8.17 12:00,-6.05,-4.68,-6.34,-6.09
2024.8.17 13:00,-6.01,-4.69,-6.33,-6.02
2024.8.17 14:00,-5.87,-4.69,-6.24,-5.99
2024.8.17 15:00,-5.84,-4.69,-6.25,-6.05
2024.8.17 16:00,-5.89,-4.7,-6.42,-6.08
2024.8.17 17:00,-5.9,-4.7,-6.3,-6.05
2024.8.17 18:00,-5.9,-4.7,-6.1,-6.05
2024.8.17 19:00,-5.91,-4.71,-6.07,-6.05
2024.8.17 20:00,-5.93,-4.7,-6.08,-6.07
2024.8.17 21:00,-5.93,-4.71,-6.1,-6.08
2024.8.17 22:00,-5.94,-4.71,-6.12,-6.08
2024.8.17 23:00,-5.94,-4.72,-6.14,-6.08
2024.8.18 0:00,-5.96,-4.71,-6.16,-6.08
2024.8.18 1:00,-5.95,-4.72,-6.16,-6.08
2024.8.18 2:00,-5.95,-4.71,-6.18,-6.09
2024.8.18 3:00,-5.97,-4.71,-6.19,-6.09
2024.8.18 4:00,-5.96,-4.72,-6.2,-6.1
2024.8.18 5:00,-5.95,-4.72,-6.19,-6.09
2024.8.18 6:00,-5.97,-4.71,-6.2,-6.1
2024.8.18 7:00,-5.97,-4.72,-6.21,-6.11
2024.8.18 8:00,-6.02,-4.72,-6.23,-6.17
2024.8.18 9:00,-6.09,-4.72,-6.28,-6.17
2024.8.18 10:00,-6.06,-4.73,-6.33,-6.09
2024.8.18 11:00,-6.03,-4.73,-6.32,-6.13
2024.8.18 12:00,-6.08,-4.7,-6.33,-6.11
2024.8.18 13:00,-6,-4.7,-6.33,-6.03
2024.8.18 14:00,-5.97,-4.72,-6.31,-6.07
2024.8.18 15:00,-5.89,-4.72,-6.32,-6.08
2024.8.18 16:00,-5.87,-4.72,-6.2,-6.07
2024.8.18 17:00,-5.9,-4.73,-6.15,-6.09
2024.8.18 18:00,-5.9,-4.73,-6.14,-6.1
2024.8.18 19:00,-5.94,-4.73,-6.15,-6.1
2024.8.18 20:00,-5.94,-4.73,-6.15,-6.1
2024.8.18 21:00,-5.95,-4.73,-6.16,-6.1
2024.8.18 22:00,-5.97,-4.73,-6.16,-6.1
2024.8.18 23:00,-5.96,-4.73,-6.17,-6.11
2024.8.19 0:00,-5.97,-4.74,-6.18,-6.1
2024.8.19 1:00,-5.96,-4.74,-6.19,-6.11
2024.8.19 2:00,-5.97,-4.74,-6.2,-6.06
2024.8.19 3:00,-5.98,-4.73,-6.21,-6.04
2024.8.19 4:00,-5.99,-4.74,-6.22,-6.04
2024.8.19 5:00,-5.97,-4.73,-6.22,-6.01
2024.8.19 6:00,-5.98,-4.74,-6.24,-5.99
2024.8.19 7:00,-5.99,-4.75,-6.23,-5.99
2024.8.19 8:00,-6.03,-4.74,-6.26,-5.99
2024.8.19 9:00,-6.08,-4.73,-6.29,-6.04
2024.8.19 10:00,-6.1,-4.74,-6.34,-6.01
2024.8.19 11:00,-6.06,-4.74,-6.34,-5.98
2024.8.19 12:00,-6.04,-4.74,-6.35,-6.01
2024.8.19 13:00,-6.07,-4.74,-6.36,-5.86
2024.8.19 14:00,-5.99,-4.74,-6.33,-5.75
2024.8.19 15:00,-6.03,-4.74,-6.33,-5.69
2024.8.19 16:00,-5.84,-4.75,-6.35,-5.74
2024.8.19 17:00,-5.88,-4.75,-6.43,-5.56
2024.8.19 18:00,-5.92,-4.75,-6.21,-5.59
2024.8.19 19:00,-5.93,-4.75,-6.22,-5.64
2024.8.19 20:00,-5.94,-4.74,-6.16,-5.63
2024.8.19 21:00,-5.95,-4.75,-6.15,-5.59
2024.8.19 22:00,-5.96,-4.76,-6.16,-5.56
2024.8.19 23:00,-5.97,-4.76,-6.18,-5.53
2024.8.20 0:00,-5.98,-4.76,-6.2,-5.49
2024.8.20 1:00,-5.98,-4.75,-6.22,-5.46
2024.8.20 2:00,-6,-4.75,-6.22,-5.42
2024.8.20 3:00,-5.99,-4.77,-6.23,-5.4
2024.8.20 4:00,-5.99,-4.76,-6.24,-5.34
2024.8.20 5:00,-6.01,-4.77,-6.25,-5.3
2024.8.20 6:00,-5.98,-4.76,-6.26,-5.27
2024.8.20 7:00,-6.02,-4.76,-6.27,-5.25
2024.8.20 8:00,-6.05,-4.77,-6.28,-5.26
2024.8.20 9:00,-6.1,-4.77,-6.31,-5.1
2024.8.20 10:00,-6.09,-4.77,-6.34,-5.16
2024.8.20 11:00,-6.18,-4.77,-6.39,-5.14
2024.8.20 12:00,-6.07,-4.77,-6.39,-5.04
2024.8.20 13:00,-6.04,-4.77,-6.41,-5.04
2024.8.20 14:00,-5.97,-4.76,-6.39,-5.04
2024.8.20 15:00,-5.99,-4.77,-6.36,-5.04
2024.8.20 16:00,-5.93,-4.77,-6.35,-5.04
2024.8.20 17:00,-5.95,-4.76,-6.34,-5.04
2024.8.20 18:00,-5.96,-4.77,-6.32,-5.04
2024.8.20 19:00,-5.97,-4.77,-6.22,-5.04
2024.8.20 20:00,-5.97,-4.77,-6.2,-5.04
2024.8.20 21:00,-5.99,-4.77,-6.18,-5.04
2024.8.20 22:00,-6.01,-4.77,-6.21,-5.04
2024.8.20 23:00,-6.01,-4.77,-6.22,-5.04
2024.8.21 0:00,-6.02,-4.78,-6.24,-5.04
2024.8.21 1:00,-6.01,-4.78,-6.25,-5.04
2024.8.21 2:00,-5.97,-4.76,-6.26,-5.04
2024.8.21 3:00,-5.97,-4.78,-6.22,-5.02
2024.8.21 4:00,-5.97,-4.78,-6.23,-5.02
2024.8.21 5:00,-5.98,-4.77,-6.25,-5.02
2024.8.21 6:00,-5.96,-4.77,-6.28,-5.02
2024.8.21 7:00,-5.93,-4.78,-6.27,-5.03
2024.8.21 8:00,-5.92,-4.77,-6.26,-5.02
2024.8.21 9:00,-5.9,-4.75,-6.27,-5.02
2024.8.21 10:00,-5.89,-4.76,-6.28,-5.03
2024.8.21 11:00,-5.87,-4.74,-6.3,-5.03
2024.8.21 12:00,-5.83,-4.73,-6.3,-5.03
2024.8.21 13:00,-5.79,-4.72,-6.3,-5.03
2024.8.21 14:00,-5.82,-4.71,-6.3,-5.03
2024.8.21 15:00,-5.84,-4.67,-6.3,-5.02
2024.8.21 16:00,-5.82,-4.65,-6.28,-5.04
2024.8.21 17:00,-5.84,-4.64,-6.28,-5.03
2024.8.21 18:00,-5.82,-4.61,-6.25,-5.04
2024.8.21 19:00,-5.79,-4.56,-6.25,-5.03
2024.8.21 20:00,-5.75,-4.52,-6.14,-5.03
2024.8.21 21:00,-5.73,-4.49,-6.11,-5.02
2024.8.21 22:00,-5.72,-4.44,-6.09,-5.03
2024.8.21 23:00,-5.72,-4.42,-6.08,-5.03
2024.8.22 0:00,-5.71,-4.4,-6.03,-5.03
2024.8.22 1:00,-5.67,-4.34,-5.99,-5.03
2024.8.22 2:00,-5.66,-4.33,-5.96,-5.03
2024.8.22 3:00,-5.66,-4.29,-5.91,-5.03
2024.8.22 4:00,-5.67,-4.26,-5.89,-5.02
2024.8.22 5:00,-5.66,-4.23,-5.88,-5.02
2024.8.22 6:00,-5.65,-4.21,-5.82,-5.02
2024.8.22 7:00,-5.66,-4.18,-5.81,-5.04
2024.8.22 8:00,-5.86,-4.14,-5.81,-5.1
2024.8.22 9:00,-5.95,-4.11,-5.82,-5.2
2024.8.22 10:00,-5.86,-4.11,-5.81,-5.4
2024.8.22 11:00,-5.78,-4.08,-5.79,-5.6
2024.8.22 12:00,-5.83,-4.02,-5.7,-5.8
2024.8.22 13:00,-5.87,-3.96,-5.72,-5.9
2024.8.22 14:00,-5.75,-3.96,-5.7,-6
2024.8.22 15:00,-5.7,-4.46,-5.57,-6.14
2024.8.22 16:00,-5.69,-4.44,-5.87,-6.15
2024.8.22 17:00,-5.69,-4.43,-5.94,-6.15
2024.8.22 18:00,-5.68,-4.42,-5.94,-6.13
2024.8.22 19:00,-5.64,-4.43,-5.93,-6.11
2024.8.22 20:00,-5.63,-4.43,-5.94,-6.12
2024.8.22 21:00,-5.63,-4.44,-5.94,-6.12
2024.8.22 22:00,-5.63,-4.42,-5.94,-6.12
2024.8.22 23:00,-5.63,-4.43,-5.95,-6.11
2024.8.23 0:00,-5.65,-4.43,-5.95,-6.12
2024.8.23 1:00,-5.65,-4.42,-5.94,-6.12
2024.8.23 2:00,-5.65,-4.43,-5.95,-6.12
2024.8.23 3:00,-5.65,-4.43,-5.94,-6.11
2024.8.23 4:00,-5.66,-4.42,-5.96,-6.11
2024.8.23 5:00,-5.67,-4.42,-5.96,-6.1
2024.8.23 6:00,-5.66,-4.43,-5.95,-6.1
2024.8.23 7:00,-5.66,-4.43,-5.97,-6.11
2024.8.23 8:00,-5.67,-4.42,-5.96,-6.09
2024.8.23 9:00,-5.65,-4.42,-5.97,-6.11
2024.8.23 10:00,-5.67,-4.42,-5.98,-6.26
2024.8.23 11:00,-5.87,-4.42,-5.97,-6.2
2024.8.23 12:00,-5.82,-4.42,-5.97,-6.26
2024.8.23 13:00,-5.8,-4.41,-5.97,-6.26
2024.8.23 14:00,-5.71,-4.41,-5.95,-6.1
2024.8.23 15:00,-5.75,-4.4,-5.95,-6.08
2024.8.23 16:00,-5.6,-4.42,-5.95,-6.06
2024.8.23 17:00,-5.55,-4.41,-5.95,-6.06
2024.8.23 18:00,-5.56,-4.41,-5.95,-6.06
2024.8.23 19:00,-5.56,-4.4,-5.95,-6.04
2024.8.23 20:00,-5.57,-4.41,-5.94,-6.04
2024.8.23 21:00,-5.58,-4.4,-5.95,-6.06
2024.8.23 22:00,-5.6,-4.41,-5.95,-6.04
2024.8.23 23:00,-5.6,-4.4,-5.95,-6.04
2024.8.24 0:00,-5.61,-4.4,-5.95,-6.04
2024.8.24 1:00,-5.61,-4.41,-5.95,-6.04
2024.8.24 2:00,-5.62,-4.41,-5.95,-6.04
2024.8.24 3:00,-5.62,-4.41,-5.95,-6.04
2024.8.24 4:00,-5.63,-4.41,-5.95,-6.04
2024.8.24 5:00,-5.62,-4.41,-5.95,-6.04
2024.8.24 6:00,-5.62,-4.41,-5.95,-6.02
2024.8.24 7:00,-5.62,-4.4,-5.95,-6.05
2024.8.24 8:00,-5.64,-4.42,-5.96,-6.07
2024.8.24 9:00,-5.68,-4.4,-5.96,-6.1
2024.8.24 10:00,-5.74,-4.41,-5.95,-6.12
2024.8.24 11:00,-5.71,-4.41,-5.96,-6.18
2024.8.24 12:00,-5.73,-4.4,-5.95,-6.09
2024.8.24 13:00,-5.66,-4.39,-5.94,-5.99
2024.8.24 14:00,-5.57,-4.4,-5.93,-5.97
2024.8.24 15:00,-5.56,-4.41,-5.95,-6
2024.8.24 16:00,-5.58,-4.4,-5.94,-5.99
2024.8.24 17:00,-5.6,-4.41,-5.95,-5.99
2024.8.24 18:00,-5.6,-4.41,-5.93,-5.99
2024.8.24 19:00,-5.59,-4.41,-5.94,-5.97
2024.8.24 20:00,-5.57,-4.41,-5.93,-5.98
2024.8.24 21:00,-5.58,-4.44,-5.94,-5.99
2024.8.24 22:00,-5.6,-4.41,-5.94,-5.99
2024.8.24 23:00,-5.6,-4.42,-5.94,-5.99
2024.8.25 0:00,-5.6,-4.41,-5.94,-5.99
2024.8.25 1:00,-5.61,-4.44,-5.94,-5.99
2024.8.25 2:00,-5.61,-4.42,-5.94,-5.99
2024.8.25 3:00,-5.61,-4.43,-5.95,-5.99
2024.8.25 4:00,-5.61,-4.43,-5.95,-5.98
2024.8.25 5:00,-5.62,-4.44,-5.95,-5.98
2024.8.25 6:00,-5.61,-4.44,-5.95,-5.98
2024.8.25 7:00,-5.61,-4.43,-5.96,-6.01
2024.8.25 8:00,-5.65,-4.43,-5.96,-6.08
2024.8.25 9:00,-5.73,-4.44,-5.98,-6.13
2024.8.25 10:00,-5.76,-4.43,-5.97,-6.03
2024.8.25 11:00,-5.7,-4.42,-5.97,-6.09
2024.8.25 12:00,-5.67,-4.43,-5.97,-6.04
2024.8.25 13:00,-5.68,-4.43,-5.96,-5.9
2024.8.25 14:00,-5.6,-4.43,-5.96,-5.94
2024.8.25 15:00,-5.58,-4.43,-5.92,-5.93
2024.8.25 16:00,-5.46,-4.44,-5.96,-5.94
2024.8.25 17:00,-5.53,-4.44,-5.95,-5.96
2024.8.25 18:00,-5.59,-4.44,-5.95,-5.95
2024.8.25 19:00,-5.59,-4.44,-5.94,-5.94
2024.8.25 20:00,-5.59,-4.44,-5.94,-5.94
2024.8.25 21:00,-5.61,-4.44,-5.96,-5.95
2024.8.25 22:00,-5.61,-4.43,-5.96,-5.95
2024.8.25 23:00,-5.62,-4.44,-5.96,-5.95
2024.8.26 0:00,-5.61,-4.45,-5.95,-5.94
2024.8.26 1:00,-5.61,-4.44,-5.96,-5.95
2024.8.26 2:00,-5.61,-4.45,-5.96,-5.95
2024.8.26 3:00,-5.62,-4.44,-5.97,-5.94
2024.8.26 4:00,-5.62,-4.45,-5.97,-5.95
2024.8.26 5:00,-5.62,-4.44,-5.96,-5.95
2024.8.26 6:00,-5.62,-4.44,-5.97,-5.95
2024.8.26 7:00,-5.63,-4.44,-5.98,-5.98
2024.8.26 8:00,-5.64,-4.44,-5.98,-5.98
2024.8.26 9:00,-5.66,-4.45,-5.98,-5.97
2024.8.26 10:00,-5.65,-4.46,-5.98,-5.98
2024.8.26 11:00,-5.69,-4.45,-5.98,-6.02
2024.8.26 12:00,-5.66,-4.45,-6.01,-6.1
2024.8.26 13:00,-5.62,-4.44,-5.99,-5.96
2024.8.26 14:00,-5.6,-4.44,-5.97,-5.93
2024.8.26 15:00,-5.63,-4.44,-5.97,-5.93
2024.8.26 16:00,-5.59,-4.45,-5.96,-5.88
2024.8.26 17:00,-5.6,-4.45,-5.96,-5.91
2024.8.26 18:00,-5.59,-4.45,-5.96,-5.9
2024.8.26 19:00,-5.59,-4.46,-5.96,-5.89
2024.8.26 20:00,-5.61,-4.45,-5.96,-5.91
2024.8.26 21:00,-5.62,-4.46,-5.97,-5.91
2024.8.26 22:00,-5.62,-4.46,-5.97,-5.93
2024.8.26 23:00,-5.62,-4.46,-5.97,-5.93
2024.8.27 0:00,-5.62,-4.46,-5.97,-5.93
2024.8.27 1:00,-5.62,-4.45,-5.98,-5.93
2024.8.27 2:00,-5.63,-4.46,-5.99,-5.94
2024.8.27 3:00,-5.63,-4.46,-5.98,-5.94
2024.8.27 4:00,-5.62,-4.46,-5.99,-5.94
2024.8.27 5:00,-5.63,-4.46,-5.98,-5.93
2024.8.27 6:00,-5.63,-4.46,-5.98,-5.93
2024.8.27 7:00,-5.63,-4.47,-5.99,-5.93
2024.8.27 8:00,-5.63,-4.47,-5.99,-5.93
2024.8.27 9:00,-5.64,-4.48,-5.99,-5.93
2024.8.27 10:00,-5.63,-4.47,-6,-5.92
2024.8.27 11:00,-5.64,-4.47,-5.99,-5.92
2024.8.27 12:00,-5.63,-4.46,-5.99,-5.94
2024.8.27 13:00,-5.62,-4.47,-6,-5.92
2024.8.27 14:00,-5.66,-4.47,-5.99,-5.94
2024.8.27 15:00,-5.62,-4.47,-6.02,-5.97
2024.8.27 16:00,-5.61,-4.47,-6.01,-5.96
2024.8.27 17:00,-5.61,-4.47,-6.02,-5.94
2024.8.27 18:00,-5.61,-4.47,-5.97,-5.9
2024.8.27 19:00,-5.61,-4.48,-5.98,-5.89
2024.8.27 20:00,-5.62,-4.48,-5.99,-5.89
2024.8.27 21:00,-5.62,-4.49,-5.99,-5.9
2024.8.27 22:00,-5.63,-4.47,-6,-5.91
2024.8.27 23:00,-5.63,-4.48,-6,-5.91
2024.8.28 0:00,-5.63,-4.49,-6,-5.92
2024.8.28 1:00,-5.64,-4.48,-6,-5.93
2024.8.28 2:00,-5.64,-4.48,-6.01,-5.92
2024.8.28 3:00,-5.64,-4.49,-6.01,-5.92
2024.8.28 4:00,-5.64,-4.49,-6.01,-5.92
2024.8.28 5:00,-5.64,-4.49,-6.02,-5.92
2024.8.28 6:00,-5.64,-4.48,-6.01,-5.93
2024.8.28 7:00,-5.66,-4.48,-6.01,-5.94
2024.8.28 8:00,-5.75,-4.49,-6.02,-6.09
2024.8.28 9:00,-5.78,-4.5,-6.04,-6.08
2024.8.28 10:00,-5.73,-4.49,-6.04,-5.94
2024.8.28 11:00,-5.68,-4.51,-6.05,-6.06
2024.8.28 12:00,-5.7,-4.5,-6.03,-5.97
2024.8.28 13:00,-5.68,-4.52,-6.03,-5.83
2024.8.28 14:00,-5.64,-4.48,-6.03,-5.91
2024.8.28 15:00,-5.48,-4.49,-6.03,-5.92
2024.8.28 16:00,-5.58,-4.49,-6.03,-5.92
2024.8.28 17:00,-5.58,-4.5,-6.01,-5.91
2024.8.28 18:00,-5.6,-4.49,-6.01,-5.92
2024.8.28 19:00,-5.61,-4.5,-6.01,-5.91
2024.8.28 20:00,-5.62,-4.51,-6.01,-5.92
2024.8.28 21:00,-5.63,-4.51,-6.01,-5.91
2024.8.28 22:00,-5.64,-4.5,-6.02,-5.92
2024.8.28 23:00,-5.64,-4.5,-6.02,-5.92
2024.8.29 0:00,-5.64,-4.51,-6.02,-5.92
2024.8.29 1:00,-5.65,-4.5,-6.03,-5.93
2024.8.29 2:00,-5.65,-4.52,-6.02,-5.92
2024.8.29 3:00,-5.65,-4.51,-6.03,-5.93
2024.8.29 4:00,-5.65,-4.51,-6.03,-5.92
2024.8.29 5:00,-5.65,-4.51,-6.03,-5.92
2024.8.29 6:00,-5.66,-4.51,-6.04,-5.93
2024.8.29 7:00,-5.66,-4.52,-6.04,-5.94
2024.8.29 8:00,-5.68,-4.51,-6.05,-6.03
2024.8.29 9:00,-5.8,-4.51,-6.06,-5.96
2024.8.29 10:00,-5.78,-4.52,-6.06,-5.94
2024.8.29 11:00,-5.73,-4.51,-6.05,-5.97
2024.8.29 12:00,-5.67,-4.53,-6.05,-5.95
2024.8.29 13:00,-5.71,-4.52,-6.05,-5.88
2024.8.29 14:00,-5.67,-4.51,-6.04,-5.92
2024.8.29 15:00,-5.61,-4.51,-6.04,-5.91
2024.8.29 16:00,-5.54,-4.51,-6.04,-5.92
2024.8.29 17:00,-5.6,-4.51,-6.05,-5.92
2024.8.29 18:00,-5.63,-4.53,-6.02,-5.92
2024.8.29 19:00,-5.64,-4.52,-6.03,-5.92
2024.8.29 20:00,-5.64,-4.53,-6.04,-5.92
2024.8.29 21:00,-5.65,-4.53,-6.04,-5.91
2024.8.29 22:00,-5.66,-4.53,-6.03,-5.92
2024.8.29 23:00,-5.66,-4.53,-6.04,-5.92
2024.8.30 0:00,-5.66,-4.53,-6.04,-5.93
2024.8.30 1:00,-5.67,-4.53,-6.05,-5.93
2024.8.30 2:00,-5.67,-4.53,-6.04,-5.92
2024.8.30 3:00,-5.67,-4.53,-6.06,-5.93
2024.8.30 4:00,-5.67,-4.54,-6.05,-5.93
2024.8.30 5:00,-5.68,-4.54,-6.06,-5.93
2024.8.30 6:00,-5.67,-4.55,-6.06,-5.94
2024.8.30 7:00,-5.69,-4.54,-6.06,-5.93
2024.8.30 8:00,-5.69,-4.56,-6.06,-5.97
2024.8.30 9:00,-5.81,-4.54,-6.07,-5.94
2024.8.30 10:00,-5.77,-4.55,-6.07,-5.95
2024.8.30 11:00,-5.75,-4.54,-6.07,-5.95
2024.8.30 12:00,-5.73,-4.54,-6.07,-5.92
2024.8.30 13:00,-5.73,-4.54,-6.08,-5.9
2024.8.30 14:00,-5.71,-4.54,-6.08,-5.92
2024.8.30 15:00,-5.54,-4.54,-6.07,-5.92
2024.8.30 16:00,-5.59,-4.54,-6.07,-5.92
2024.8.30 17:00,-5.62,-4.55,-6.07,-5.92
2024.8.30 18:00,-5.64,-4.55,-6.06,-5.93
2024.8.30 19:00,-5.64,-4.55,-6.06,-5.93
2024.8.30 20:00,-5.65,-4.55,-6.06,-5.93
2024.8.30 21:00,-5.67,-4.55,-6.07,-5.92
2024.8.30 22:00,-5.68,-4.56,-6.06,-5.93
2024.8.30 23:00,-5.68,-4.53,-6.08,-5.94
2024.8.31 0:00,-5.68,-4.56,-6.08,-5.93
2024.8.31 1:00,-5.69,-4.55,-6.07,-5.93
2024.8.31 2:00,-5.69,-4.56,-6.08,-5.94
2024.8.31 3:00,-5.69,-4.56,-6.08,-5.94
2024.8.31 4:00,-5.69,-4.56,-6.09,-5.93
2024.8.31 5:00,-5.7,-4.57,-6.09,-5.93
2024.8.31 6:00,-5.7,-4.58,-6.09,-5.95
2024.8.31 7:00,-5.72,-4.56,-6.1,-5.96
2024.8.31 8:00,-5.74,-4.56,-6.09,-5.96
2024.8.31 9:00,-5.82,-4.57,-6.1,-5.94
2024.8.31 10:00,-5.77,-4.57,-6.1,-5.96
2024.8.31 11:00,-5.73,-4.59,-6.11,-5.95
2024.8.31 12:00,-5.75,-4.57,-6.11,-5.9
2024.8.31 13:00,-5.74,-4.59,-6.11,-5.92
2024.8.31 14:00,-5.64,-4.57,-6.11,-5.93
2024.8.31 15:00,-5.64,-4.57,-6.1,-5.93
2024.8.31 16:00,-5.66,-4.56,-6.11,-5.94
2024.8.31 17:00,-5.69,-4.52,-6.1,-5.92
2024.8.31 18:00,-5.68,-4.58,-6.09,-5.93
2024.8.31 19:00,-5.68,-4.57,-6.1,-5.94
2024.8.31 20:00,-5.69,-4.57,-6.1,-5.94
2024.8.31 21:00,-5.69,-4.59,-6.1,-5.95
2024.8.31 22:00,-5.7,-4.58,-6.1,-5.95
2024.8.31 23:00,-5.7,-4.59,-6.11,-5.94
2024.9.1 0:00,-5.71,-4.59,-6.11,-5.96
2024.9.1 1:00,-5.71,-4.6,-6.11,-5.95
2024.9.1 2:00,-5.71,-4.6,-6.12,-5.95
2024.9.1 3:00,-5.72,-4.59,-6.12,-5.95
2024.9.1 4:00,-5.73,-4.6,-6.12,-5.95
2024.9.1 5:00,-5.71,-4.6,-6.12,-5.96
2024.9.1 6:00,-5.72,-4.6,-6.13,-5.96
2024.9.1 7:00,-5.72,-4.59,-6.12,-5.97
2024.9.1 8:00,-5.74,-4.59,-6.14,-5.96
2024.9.1 9:00,-5.77,-4.61,-6.14,-5.97
2024.9.1 10:00,-5.79,-4.6,-6.14,-6
2024.9.1 11:00,-5.8,-4.6,-6.14,-5.97
2024.9.1 12:00,-5.79,-4.6,-6.15,-5.9
2024.9.1 13:00,-5.78,-4.6,-6.15,-5.94
2024.9.1 14:00,-5.77,-4.58,-6.15,-5.95
2024.9.1 15:00,-5.72,-4.6,-6.14,-5.96
2024.9.1 16:00,-5.62,-4.6,-6.15,-5.94
2024.9.1 17:00,-5.68,-4.61,-6.14,-5.95
2024.9.1 18:00,-5.69,-4.6,-6.14,-5.96
2024.9.1 19:00,-5.69,-4.62,-6.14,-5.96
2024.9.1 20:00,-5.71,-4.62,-6.14,-5.96
2024.9.1 21:00,-5.72,-4.62,-6.14,-5.97
2024.9.1 22:00,-5.71,-4.63,-6.15,-5.96
2024.9.1 23:00,-5.72,-4.6,-6.15,-5.96
2024.9.2 0:00,-5.73,-4.63,-6.16,-5.97
2024.9.2 1:00,-5.73,-4.62,-6.16,-5.97
2024.9.2 2:00,-5.74,-4.63,-6.16,-5.97
2024.9.2 3:00,-5.74,-4.63,-6.16,-5.98
2024.9.2 4:00,-5.74,-4.63,-6.16,-5.97
2024.9.2 5:00,-5.74,-4.63,-6.17,-5.97
2024.9.2 6:00,-5.74,-4.63,-6.16,-5.97
2024.9.2 7:00,-5.74,-4.64,-6.16,-5.97
2024.9.2 8:00,-5.74,-4.64,-6.17,-5.99
2024.9.2 9:00,-5.76,-4.64,-6.17,-5.98
2024.9.2 10:00,-5.75,-4.65,-6.18,-5.99
2024.9.2 11:00,-5.78,-4.63,-6.18,-5.99
2024.9.2 12:00,-5.78,-4.65,-6.19,-5.99
2024.9.2 13:00,-5.78,-4.64,-6.19,-5.99
2024.9.2 14:00,-5.76,-4.64,-6.19,-5.99
2024.9.2 15:00,-5.75,-4.64,-6.19,-6
2024.9.2 16:00,-5.78,-4.64,-6.19,-5.98
2024.9.2 17:00,-5.75,-4.62,-6.19,-5.98
2024.9.2 18:00,-5.73,-4.64,-6.18,-5.98
2024.9.2 19:00,-5.74,-4.64,-6.18,-5.98
2024.9.2 20:00,-5.74,-4.64,-6.18,-6
2024.9.2 21:00,-5.74,-4.64,-6.19,-6
2024.9.2 22:00,-5.75,-4.64,-6.19,-6
2024.9.2 23:00,-5.75,-4.64,-6.2,-6
2024.9.3 0:00,-5.75,-4.64,-6.19,-6
2024.9.3 1:00,-5.76,-4.64,-6.19,-6
2024.9.3 2:00,-5.76,-4.65,-6.19,-6
2024.9.3 3:00,-5.77,-4.65,-6.19,-6
2024.9.3 4:00,-5.77,-4.65,-6.2,-6
2024.9.3 5:00,-5.76,-4.65,-6.2,-6
2024.9.3 6:00,-5.76,-4.65,-6.19,-6.01
2024.9.3 7:00,-5.77,-4.66,-6.2,-6.02
2024.9.3 8:00,-5.77,-4.64,-6.21,-6.06
2024.9.3 9:00,-5.88,-4.66,-6.21,-6.02
2024.9.3 10:00,-5.84,-4.66,-6.22,-6.01
2024.9.3 11:00,-5.81,-4.65,-6.22,-6.04
2024.9.3 12:00,-5.81,-4.66,-6.22,-6.01
2024.9.3 13:00,-5.78,-4.66,-6.22,-5.98
2024.9.3 14:00,-5.75,-4.65,-6.22,-6
2024.9.3 15:00,-5.67,-4.64,-6.21,-6.01
2024.9.3 16:00,-5.71,-4.64,-6.21,-6.02
2024.9.3 17:00,-5.74,-4.64,-6.19,-6.01
2024.9.3 18:00,-5.75,-4.66,-6.22,-6.01
2024.9.3 19:00,-5.75,-4.66,-6.2,-6.01
2024.9.3 20:00,-5.76,-4.66,-6.21,-6.01
2024.9.3 21:00,-5.77,-4.65,-6.21,-6.02
2024.9.3 22:00,-5.78,-4.67,-6.21,-6.01
2024.9.3 23:00,-5.77,-4.67,-6.21,-6.02
2024.9.4 0:00,-5.77,-4.65,-6.21,-6.02
2024.9.4 1:00,-5.77,-4.67,-6.21,-6.02
2024.9.4 2:00,-5.77,-4.67,-6.21,-6.02
2024.9.4 3:00,-5.78,-4.67,-6.22,-6.02
2024.9.4 4:00,-5.78,-4.67,-6.21,-6.02
2024.9.4 5:00,-5.78,-4.67,-6.22,-6.03
2024.9.4 6:00,-5.78,-4.67,-6.21,-6.03
2024.9.4 7:00,-5.78,-4.67,-6.23,-6.04
2024.9.4 8:00,-5.8,-4.67,-6.23,-6.06
2024.9.4 9:00,-5.8,-4.67,-6.23,-6.04
2024.9.4 10:00,-5.89,-4.67,-6.23,-6.05
2024.9.4 11:00,-5.84,-4.68,-6.22,-6.05
2024.9.4 12:00,-5.81,-4.68,-6.23,-6.04
2024.9.4 13:00,-5.83,-4.67,-6.23,-5.98
2024.9.4 14:00,-5.81,-4.67,-6.22,-6.01
2024.9.4 15:00,-5.69,-4.67,-6.23,-6.03
2024.9.4 16:00,-5.75,-4.67,-6.23,-6.03
2024.9.4 17:00,-5.76,-4.67,-6.23,-6.03
2024.9.4 18:00,-5.76,-4.66,-6.21,-6.03
2024.9.4 19:00,-5.77,-4.68,-6.22,-6.03
2024.9.4 20:00,-5.77,-4.68,-6.21,-6.03
2024.9.4 21:00,-5.77,-4.68,-6.22,-6.02
2024.9.4 22:00,-5.79,-4.68,-6.21,-6.04
2024.9.4 23:00,-5.79,-4.68,-6.23,-6.03
2024.9.5 0:00,-5.8,-4.69,-6.23,-6.04
2024.9.5 1:00,-5.8,-4.7,-6.23,-6.04
2024.9.5 2:00,-5.81,-4.68,-6.23,-6.04
2024.9.5 3:00,-5.81,-4.68,-6.23,-6.04
2024.9.5 4:00,-5.81,-4.69,-6.23,-6.04
2024.9.5 5:00,-5.8,-4.68,-6.23,-6.03
2024.9.5 6:00,-5.81,-4.7,-6.23,-6.04
2024.9.5 7:00,-5.81,-4.69,-6.24,-6.05
2024.9.5 8:00,-5.84,-4.68,-6.24,-6.06
2024.9.5 9:00,-5.89,-4.7,-6.24,-6.07
2024.9.5 10:00,-5.8,-4.69,-6.25,-6.05
2024.9.5 11:00,-5.83,-4.69,-6.25,-6.06
2024.9.5 12:00,-5.77,-4.68,-6.25,-6.03
2024.9.5 13:00,-5.77,-4.7,-6.23,-6.03
2024.9.5 14:00,-5.81,-4.7,-6.25,-6.03
2024.9.5 15:00,-5.78,-4.7,-6.23,-6.03
2024.9.5 16:00,-5.78,-4.68,-6.23,-6.05
2024.9.5 17:00,-5.8,-4.7,-6.25,-6.04
2024.9.5 18:00,-5.81,-4.7,-6.25,-6.04
2024.9.5 19:00,-5.8,-4.7,-6.25,-6.05
2024.9.5 20:00,-5.8,-4.7,-6.24,-6.05
2024.9.5 21:00,-5.81,-4.7,-6.25,-6.04
2024.9.5 22:00,-5.82,-4.7,-6.25,-6.05
2024.9.5 23:00,-5.81,-4.7,-6.25,-6.05
2024.9.6 0:00,-5.82,-4.71,-6.25,-6.05
2024.9.6 1:00,-5.81,-4.69,-6.26,-6.05
2024.9.6 2:00,-5.81,-4.7,-6.26,-6.06
2024.9.6 3:00,-5.82,-4.7,-6.26,-6.05
2024.9.6 4:00,-5.81,-4.7,-6.25,-6.06
2024.9.6 5:00,-5.81,-4.7,-6.27,-6.03
2024.9.6 6:00,-5.82,-4.7,-6.27,-6.06
2024.9.6 7:00,-5.81,-4.7,-6.27,-6.06
2024.9.6 8:00,-5.82,-4.69,-6.27,-6.06
2024.9.6 9:00,-5.81,-4.69,-6.27,-6.06
2024.9.6 10:00,-5.82,-4.69,-6.27,-6.06
2024.9.6 11:00,-5.82,-4.69,-6.27,-6.06
2024.9.6 12:00,-5.81,-4.69,-6.27,-6.07
2024.9.6 13:00,-5.82,-4.68,-6.28,-6.07
2024.9.6 14:00,-5.85,-4.68,-6.28,-6.07
2024.9.6 15:00,-5.85,-4.68,-6.28,-6.07
2024.9.6 16:00,-5.88,-4.67,-6.28,-6.06
2024.9.6 17:00,-5.82,-4.67,-6.27,-6.06
2024.9.6 18:00,-5.77,-4.67,-6.27,-6.07
2024.9.6 19:00,-5.75,-4.67,-6.28,-6.07
2024.9.6 20:00,-5.76,-4.67,-6.27,-6.07
2024.9.6 21:00,-5.77,-4.66,-6.27,-6.07
2024.9.6 22:00,-5.77,-4.66,-6.27,-6.06
2024.9.6 23:00,-5.77,-4.65,-6.26,-6.07
2024.9.7 0:00,-5.79,-4.65,-6.27,-6.08
2024.9.7 1:00,-5.79,-4.64,-6.27,-6.08
2024.9.7 2:00,-5.79,-4.65,-6.27,-6.08
2024.9.7 3:00,-5.79,-4.64,-6.26,-6.07
2024.9.7 4:00,-5.8,-4.66,-6.27,-6.08
2024.9.7 5:00,-5.8,-4.64,-6.27,-6.09
2024.9.7 6:00,-5.8,-4.65,-6.26,-6.08
2024.9.7 7:00,-5.79,-4.65,-6.26,-6.09
2024.9.7 8:00,-5.8,-4.65,-6.26,-6.13
2024.9.7 9:00,-5.87,-4.64,-6.26,-6.07
2024.9.7 10:00,-5.9,-4.64,-6.26,-6.1
2024.9.7 11:00,-5.9,-4.64,-6.27,-6.06
2024.9.7 12:00,-5.91,-4.72,-6.27,-6.08
2024.9.7 13:00,-6.01,-4.64,-6.26,-6.08
2024.9.7 14:00,-5.96,-4.62,-6.26,-6.07
2024.9.7 15:00,-5.74,-4.62,-6.26,-6.07
2024.9.7 16:00,-5.68,-4.61,-6.25,-6.08
2024.9.7 17:00,-5.7,-4.63,-6.25,-6.08
2024.9.7 18:00,-5.73,-4.64,-6.25,-6.08
2024.9.7 19:00,-5.75,-4.64,-6.24,-6.08
2024.9.7 20:00,-5.75,-4.64,-6.24,-6.08
2024.9.7 21:00,-5.76,-4.64,-6.25,-6.08
2024.9.7 22:00,-5.77,-4.64,-6.25,-6.08
2024.9.7 23:00,-5.77,-4.64,-6.25,-6.09
2024.9.8 0:00,-5.78,-4.64,-6.25,-6.08
2024.9.8 1:00,-5.79,-4.64,-6.25,-6.08
2024.9.8 2:00,-5.78,-4.65,-6.25,-6.09
2024.9.8 3:00,-5.79,-4.64,-6.25,-6.09
2024.9.8 4:00,-5.79,-4.65,-6.26,-6.09
2024.9.8 5:00,-5.78,-4.64,-6.26,-6.1
2024.9.8 6:00,-5.79,-4.64,-6.26,-6.12
2024.9.8 7:00,-5.8,-4.64,-6.26,-6.09
2024.9.8 8:00,-5.83,-4.65,-6.27,-6.11
2024.9.8 9:00,-5.87,-4.65,-6.26,-6.07
2024.9.8 10:00,-5.9,-4.65,-6.26,-6.07
2024.9.8 11:00,-5.92,-4.65,-6.26,-6.05
2024.9.8 12:00,-5.92,-4.65,-6.26,-6.07
2024.9.8 13:00,-5.91,-4.66,-6.26,-6.07
2024.9.8 14:00,-5.83,-4.78,-6.26,-6.08
2024.9.8 15:00,-5.69,-4.64,-6.26,-6.08
2024.9.8 16:00,-5.76,-4.65,-6.25,-6.08
2024.9.8 17:00,-5.76,-4.65,-6.25,-6.08
2024.9.8 18:00,-5.75,-4.65,-6.24,-6.08
2024.9.8 19:00,-5.76,-4.66,-6.24,-6.08
2024.9.8 20:00,-5.77,-4.65,-6.24,-6.08
2024.9.8 21:00,-5.78,-4.65,-6.25,-6.09
2024.9.8 22:00,-5.79,-4.65,-6.25,-6.09
2024.9.8 23:00,-5.79,-4.65,-6.26,-6.08
2024.9.9 0:00,-5.79,-4.66,-6.26,-6.08
2024.9.9 1:00,-5.79,-4.66,-6.25,-6.09
2024.9.9 2:00,-5.8,-4.66,-6.25,-6.1
2024.9.9 3:00,-5.8,-4.67,-6.25,-6.09
2024.9.9 4:00,-5.81,-4.66,-6.27,-6.09
2024.9.9 5:00,-5.81,-4.66,-6.26,-6.1
2024.9.9 6:00,-5.81,-4.67,-6.27,-6.1
2024.9.9 7:00,-5.82,-4.67,-6.26,-6.1
2024.9.9 8:00,-5.84,-4.68,-6.27,-6.12
2024.9.9 9:00,-5.84,-4.68,-6.28,-6.1
2024.9.9 10:00,-5.9,-4.68,-6.29,-6.12
2024.9.9 11:00,-5.86,-4.7,-6.3,-6.09
2024.9.9 12:00,-5.83,-4.68,-6.31,-6.09
2024.9.9 13:00,-5.83,-4.69,-6.32,-6.11
2024.9.9 14:00,-5.77,-4.68,-6.31,-6.12
2024.9.9 15:00,-5.78,-4.69,-6.32,-6.13
2024.9.9 16:00,-5.8,-4.68,-6.34,-6.13
2024.9.9 17:00,-5.78,-4.69,-6.35,-6.13
2024.9.9 18:00,-5.79,-4.69,-6.35,-6.14
2024.9.9 19:00,-5.78,-4.69,-6.36,-6.13
2024.9.9 20:00,-5.78,-4.69,-6.36,-6.13
2024.9.9 21:00,-5.78,-4.69,-6.36,-6.15
2024.9.9 22:00,-5.79,-4.7,-6.36,-6.14
2024.9.9 23:00,-5.8,-4.69,-6.36,-6.15
2024.9.10 0:00,-5.8,-4.69,-6.36,-6.14
2024.9.10 1:00,-5.8,-4.7,-6.36,-6.15
2024.9.10 2:00,-5.79,-4.7,-6.35,-6.15
2024.9.10 3:00,-5.81,-4.69,-6.36,-6.15
2024.9.10 4:00,-5.81,-4.7,-6.36,-6.15
2024.9.10 5:00,-5.82,-4.7,-6.35,-6.15
2024.9.10 6:00,-5.81,-4.7,-6.35,-6.15
2024.9.10 7:00,-5.82,-4.7,-6.36,-6.16
2024.9.10 8:00,-5.84,-4.7,-6.36,-6.18
2024.9.10 9:00,-5.86,-4.71,-6.37,-6.18
2024.9.10 10:00,-5.92,-4.71,-6.38,-6.18
2024.9.10 11:00,-5.92,-4.71,-6.38,-6.18
2024.9.10 12:00,-5.95,-4.71,-6.38,-6.15
2024.9.10 13:00,-5.81,-4.72,-6.38,-6.17
2024.9.10 14:00,-5.85,-4.71,-6.38,-6.17
2024.9.10 15:00,-5.87,-4.71,-6.38,-6.17
2024.9.10 16:00,-5.87,-4.73,-6.37,-6.17
2024.9.10 17:00,-5.91,-4.73,-6.36,-6.18
2024.9.10 18:00,-5.93,-4.74,-6.36,-6.17
2024.9.10 19:00,-5.97,-4.74,-6.36,-6.18
2024.9.10 20:00,-5.99,-4.75,-6.36,-6.19
2024.9.10 21:00,-6.01,-4.75,-6.36,-6.19
2024.9.10 22:00,-6.02,-4.75,-6.37,-6.2
2024.9.10 23:00,-6.05,-4.75,-6.37,-6.2
2024.9.11 0:00,-6.05,-4.75,-6.38,-6.2
2024.9.11 1:00,-6.05,-4.76,-6.38,-6.2
2024.9.11 2:00,-6.07,-4.78,-6.38,-6.21
2024.9.11 3:00,-6.07,-4.78,-6.39,-6.21
2024.9.11 4:00,-6.08,-4.78,-6.39,-6.21
2024.9.11 5:00,-6.07,-4.79,-6.4,-6.22
2024.9.11 6:00,-6.07,-4.78,-6.41,-6.23
2024.9.11 7:00,-6.08,-4.79,-6.41,-6.28
2024.9.11 8:00,-6.1,-4.79,-6.42,-6.25
2024.9.11 9:00,-6.14,-4.8,-6.42,-6.25
2024.9.11 10:00,-6.15,-4.8,-6.42,-6.26
2024.9.11 11:00,-6.17,-4.8,-6.42,-6.23
2024.9.11 12:00,-6.27,-4.79,-6.42,-6.23
2024.9.11 13:00,-5.99,-4.8,-6.43,-6.23
2024.9.11 14:00,-6.07,-4.81,-6.42,-6.24
2024.9.11 15:00,-6.09,-4.81,-6.42,-6.24
2024.9.11 16:00,-6.1,-4.81,-6.42,-6.24
2024.9.11 17:00,-6.09,-4.82,-6.42,-6.24
2024.9.11 18:00,-6.1,-4.82,-6.43,-6.25
2024.9.11 19:00,-6.11,-4.83,-6.42,-6.24
2024.9.11 20:00,-6.12,-4.83,-6.43,-6.26
2024.9.11 21:00,-6.13,-4.83,-6.44,-6.26
2024.9.11 22:00,-6.12,-4.83,-6.44,-6.26
2024.9.11 23:00,-6.12,-4.83,-6.44,-6.26
2024.9.12 0:00,-6.14,-4.83,-6.45,-6.27
2024.9.12 1:00,-6.14,-4.83,-6.45,-6.27
2024.9.12 2:00,-6.14,-4.84,-6.45,-6.28
2024.9.12 3:00,-6.15,-4.84,-6.45,-6.27
2024.9.12 4:00,-6.15,-4.85,-6.45,-6.28
2024.9.12 5:00,-6.15,-4.83,-6.47,-6.28
2024.9.12 6:00,-6.16,-4.85,-6.46,-6.29
2024.9.12 7:00,-6.16,-4.84,-6.46,-6.29
2024.9.12 8:00,-6.15,-4.85,-6.46,-6.29
2024.9.12 9:00,-6.15,-4.84,-6.46,-6.3
2024.9.12 10:00,-6.14,-4.84,-6.48,-6.3
2024.9.12 11:00,-6.12,-4.82,-6.47,-6.3
2024.9.12 12:00,-6.11,-4.81,-6.47,-6.31
2024.9.12 13:00,-6.09,-4.81,-6.47,-6.31
2024.9.12 14:00,-6.07,-4.8,-6.46,-6.31
2024.9.12 15:00,-6.04,-4.78,-6.45,-6.3
2024.9.12 16:00,-6.02,-4.78,-6.46,-6.31
2024.9.12 17:00,-5.99,-4.76,-6.46,-6.31
2024.9.12 18:00,-5.96,-4.75,-6.45,-6.31
2024.9.12 19:00,-5.92,-4.74,-6.43,-6.3
2024.9.12 20:00,-5.88,-4.71,-6.4,-6.3
2024.9.12 21:00,-5.87,-4.71,-6.39,-6.29
2024.9.12 22:00,-5.85,-4.7,-6.36,-6.3
2024.9.12 23:00,-5.84,-4.68,-6.34,-6.3
2024.9.13 0:00,-5.83,-4.67,-6.31,-6.29
2024.9.13 1:00,-5.82,-4.66,-6.3,-6.29
2024.9.13 2:00,-5.81,-4.65,-6.27,-6.28
2024.9.13 3:00,-5.8,-4.63,-6.26,-6.27
2024.9.13 4:00,-5.8,-4.63,-6.24,-6.26
2024.9.13 5:00,-5.8,-4.63,-6.22,-6.26
2024.9.13 6:00,-5.81,-4.63,-6.2,-6.26
2024.9.13 7:00,-5.82,-4.63,-6.19,-6.26
2024.9.13 8:00,-5.84,-4.63,-6.18,-6.27
2024.9.13 9:00,-5.89,-4.63,-6.16,-6.26
2024.9.13 10:00,-5.96,-4.68,-6.15,-6.28
2024.9.13 11:00,-6.01,-4.68,-6.15,-6.28
2024.9.13 12:00,-6.04,-4.69,-6.13,-6.26
2024.9.13 13:00,-5.97,-4.7,-6.12,-6.19
2024.9.13 14:00,-5.9,-4.64,-6.11,-6.17
2024.9.13 15:00,-5.9,-4.57,-6.11,-6.18
2024.9.13 16:00,-5.87,-4.54,-6.09,-6.19
2024.9.13 17:00,-5.86,-4.55,-6.1,-6.19
2024.9.13 18:00,-5.84,-4.57,-6.09,-6.18
2024.9.13 19:00,-5.85,-4.58,-6.08,-6.18
2024.9.13 20:00,-5.82,-4.57,-6.07,-6.17
2024.9.13 21:00,-5.81,-4.57,-6.08,-6.17
2024.9.13 22:00,-5.81,-4.57,-6.07,-6.17
2024.9.13 23:00,-5.78,-4.57,-6.06,-6.17
2024.9.14 0:00,-5.8,-4.57,-6.07,-6.15
2024.9.14 1:00,-5.79,-4.57,-6.05,-6.15
2024.9.14 2:00,-5.79,-4.57,-6.04,-6.14
2024.9.14 3:00,-5.78,-4.56,-6.03,-6.14
2024.9.14 4:00,-5.75,-4.53,-6.02,-6.12
2024.9.14 5:00,-5.7,-4.52,-6,-6.13
2024.9.14 6:00,-5.67,-4.52,-5.99,-6.11
2024.9.14 7:00,-5.63,-4.5,-5.97,-6.12
2024.9.14 8:00,-5.62,-4.49,-5.95,-6.11
2024.9.14 9:00,-5.62,-4.55,-5.94,-6.32
2024.9.14 10:00,-5.72,-4.55,-5.92,-6.28
2024.9.14 11:00,-5.74,-4.6,-5.89,-6.41
2024.9.14 12:00,-5.94,-4.6,-5.87,-6.27
2024.9.14 13:00,-5.92,-4.6,-5.83,-6.17
2024.9.14 14:00,-5.86,-4.57,-5.84,-6.08
2024.9.14 15:00,-5.78,-4.55,-5.84,-6.04
2024.9.14 16:00,-5.69,-4.42,-5.82,-6.01
2024.9.14 17:00,-5.6,-4.43,-5.81,-5.97
2024.9.14 18:00,-5.55,-4.43,-5.8,-5.95
2024.9.14 19:00,-5.5,-4.43,-5.8,-5.91
2024.9.14 20:00,-5.44,-4.43,-5.8,-5.9
2024.9.14 21:00,-5.44,-4.42,-5.79,-5.89
2024.9.14 22:00,-5.43,-4.42,-5.78,-5.9
2024.9.14 23:00,-5.44,-4.42,-5.78,-5.9
2024.9.15 0:00,-5.45,-4.41,-5.78,-5.91
2024.9.15 1:00,-5.48,-4.42,-5.77,-5.91
2024.9.15 2:00,-5.49,-4.41,-5.77,-5.91
2024.9.15 3:00,-5.48,-4.42,-5.77,-5.91
2024.9.15 4:00,-5.49,-4.41,-5.77,-5.9
2024.9.15 5:00,-5.5,-4.42,-5.77,-5.91
2024.9.15 6:00,-5.51,-4.42,-5.77,-5.91
2024.9.15 7:00,-5.52,-4.41,-5.78,-5.96
2024.9.15 8:00,-5.56,-4.43,-5.78,-6.09
2024.9.15 9:00,-5.64,-4.47,-5.77,-6.04
2024.9.15 10:00,-5.63,-4.49,-5.78,-6.1
2024.9.15 11:00,-5.78,-4.51,-5.77,-6.22
2024.9.15 12:00,-5.81,-4.63,-5.77,-6.08
2024.9.15 13:00,-5.84,-4.41,-5.76,-5.96
2024.9.15 14:00,-5.71,-4.41,-5.77,-5.89
2024.9.15 15:00,-5.42,-4.4,-5.76,-5.85
2024.9.15 16:00,-5.38,-4.4,-5.76,-5.83
2024.9.15 17:00,-5.42,-4.4,-5.77,-5.82
2024.9.15 18:00,-5.43,-4.42,-5.77,-5.81
2024.9.15 19:00,-5.43,-4.42,-5.77,-5.8
2024.9.15 20:00,-5.45,-4.41,-5.78,-5.8
2024.9.15 21:00,-5.47,-4.43,-5.77,-5.81
2024.9.15 22:00,-5.49,-4.41,-5.77,-5.81
2024.9.15 23:00,-5.5,-4.41,-5.77,-5.81
2024.9.16 0:00,-5.51,-4.42,-5.77,-5.82
2024.9.16 1:00,-5.51,-4.42,-5.78,-5.82
2024.9.16 2:00,-5.52,-4.43,-5.78,-5.82
2024.9.16 3:00,-5.53,-4.43,-5.77,-5.84
2024.9.16 4:00,-5.52,-4.43,-5.79,-5.83
2024.9.16 5:00,-5.53,-4.43,-5.78,-5.83
2024.9.16 6:00,-5.54,-4.44,-5.77,-5.82
2024.9.16 7:00,-5.54,-4.43,-5.77,-5.81
2024.9.16 8:00,-5.55,-4.43,-5.77,-5.85
2024.9.16 9:00,-5.6,-4.43,-5.79,-5.87
2024.9.16 10:00,-5.72,-4.43,-5.79,-6.14
2024.9.16 11:00,-5.77,-4.43,-5.79,-6.18
2024.9.16 12:00,-5.72,-4.44,-5.78,-6.17
2024.9.16 13:00,-5.55,-4.47,-5.79,-5.84
2024.9.16 14:00,-5.5,-4.44,-5.79,-5.7
2024.9.16 15:00,-5.37,-4.43,-5.8,-5.75
2024.9.16 16:00,-5.45,-4.42,-5.79,-5.79
2024.9.16 17:00,-5.47,-4.43,-5.79,-5.77
2024.9.16 18:00,-5.49,-4.43,-5.79,-5.76
2024.9.16 19:00,-5.5,-4.43,-5.79,-5.76
2024.9.16 20:00,-5.51,-4.44,-5.78,-5.76
2024.9.16 21:00,-5.52,-4.44,-5.79,-5.76
2024.9.16 22:00,-5.52,-4.44,-5.79,-5.76
2024.9.16 23:00,-5.52,-4.45,-5.79,-5.77
2024.9.17 0:00,-5.52,-4.45,-5.8,-5.77
2024.9.17 1:00,-5.52,-4.46,-5.79,-5.76
2024.9.17 2:00,-5.53,-4.45,-5.79,-5.76
2024.9.17 3:00,-5.53,-4.44,-5.8,-5.77
2024.9.17 4:00,-5.54,-4.45,-5.8,-5.76
2024.9.17 5:00,-5.53,-4.46,-5.8,-5.76
2024.9.17 6:00,-5.52,-4.45,-5.8,-5.75
2024.9.17 7:00,-5.54,-4.45,-5.8,-5.76
2024.9.17 8:00,-5.55,-4.46,-5.8,-5.79
2024.9.17 9:00,-5.6,-4.45,-5.8,-5.83
2024.9.17 10:00,-5.7,-4.46,-5.8,-6.06
2024.9.17 11:00,-5.63,-4.47,-5.81,-6.02
2024.9.17 12:00,-5.6,-4.48,-5.81,-5.87
2024.9.17 13:00,-5.45,-4.46,-5.8,-5.7
2024.9.17 14:00,-5.48,-4.46,-5.81,-5.69
2024.9.17 15:00,-5.48,-4.45,-5.81,-5.73
2024.9.17 16:00,-5.51,-4.45,-5.8,-5.74
2024.9.17 17:00,-5.51,-4.44,-5.8,-5.72
2024.9.17 18:00,-5.49,-4.45,-5.8,-5.71
2024.9.17 19:00,-5.49,-4.45,-5.8,-5.72
2024.9.17 20:00,-5.5,-4.46,-5.81,-5.72
2024.9.17 21:00,-5.52,-4.45,-5.8,-5.73
2024.9.17 22:00,-5.52,-4.46,-5.81,-5.73
2024.9.17 23:00,-5.54,-4.47,-5.81,-5.73
2024.9.18 0:00,-5.53,-4.47,-5.81,-5.73
2024.9.18 1:00,-5.53,-4.46,-5.8,-5.73
2024.9.18 2:00,-5.54,-4.47,-5.8,-5.73
2024.9.18 3:00,-5.53,-4.47,-5.81,-5.72
2024.9.18 4:00,-5.53,-4.47,-5.81,-5.73
2024.9.18 5:00,-5.54,-4.46,-5.81,-5.73
2024.9.18 6:00,-5.55,-4.47,-5.81,-5.73
2024.9.18 7:00,-5.55,-4.48,-5.82,-5.74
2024.9.18 8:00,-5.56,-4.47,-5.82,-5.83
2024.9.18 9:00,-5.61,-4.47,-5.83,-5.81
2024.9.18 10:00,-5.62,-4.48,-5.82,-5.85
2024.9.18 11:00,-5.63,-4.53,-5.82,-5.89
2024.9.18 12:00,-5.6,-4.5,-5.83,-5.81
2024.9.18 13:00,-5.5,-4.54,-5.83,-5.67
2024.9.18 14:00,-5.48,-4.53,-5.83,-5.68
2024.9.18 15:00,-5.47,-4.5,-5.82,-5.69
2024.9.18 16:00,-5.48,-4.48,-5.82,-5.7
2024.9.18 17:00,-5.5,-4.51,-5.82,-5.7
2024.9.18 18:00,-5.52,-4.53,-5.83,-5.69
2024.9.18 19:00,-5.51,-4.51,-5.83,-5.69
2024.9.18 20:00,-5.52,-4.57,-5.83,-5.7
2024.9.18 21:00,-5.53,-4.53,-5.83,-5.7
2024.9.18 22:00,-5.53,-4.52,-5.84,-5.69
2024.9.18 23:00,-5.54,-4.5,-5.83,-5.7
2024.9.19 0:00,-5.54,-4.58,-5.84,-5.7
2024.9.19 1:00,-5.55,-4.5,-5.84,-5.71
2024.9.19 2:00,-5.55,-4.58,-5.83,-5.71
2024.9.19 3:00,-5.55,-4.54,-5.84,-5.7
2024.9.19 4:00,-5.55,-4.51,-5.85,-5.71
2024.9.19 5:00,-5.56,-4.58,-5.84,-5.7
2024.9.19 6:00,-5.56,-4.58,-5.84,-5.7
2024.9.19 7:00,-5.57,-4.55,-5.85,-5.72
2024.9.19 8:00,-5.63,-4.55,-5.85,-5.73
2024.9.19 9:00,-5.67,-4.51,-5.85,-5.75
2024.9.19 10:00,-5.73,-4.59,-5.86,-5.84
2024.9.19 11:00,-5.88,-4.56,-5.86,-5.82
2024.9.19 12:00,-5.9,-4.54,-5.86,-5.67
2024.9.19 13:00,-5.77,-4.54,-5.87,-5.7
2024.9.19 14:00,-5.78,-4.53,-5.87,-5.7
2024.9.19 15:00,-5.8,-4.52,-5.87,-5.7
2024.9.19 16:00,-5.83,-4.5,-5.87,-5.71
2024.9.19 17:00,-5.85,-4.5,-5.88,-5.7
2024.9.19 18:00,-5.88,-4.58,-5.89,-5.71
2024.9.19 19:00,-5.9,-4.54,-5.89,-5.72
2024.9.19 20:00,-5.92,-4.52,-5.9,-5.73
2024.9.19 21:00,-5.93,-4.58,-5.9,-5.74
2024.9.19 22:00,-5.94,-4.53,-5.91,-5.73
2024.9.19 23:00,-5.94,-4.52,-5.91,-5.75
2024.9.20 0:00,-5.96,-4.51,-5.92,-5.75
2024.9.20 1:00,-5.97,-4.49,-5.93,-5.76
2024.9.20 2:00,-5.96,-4.59,-5.92,-5.75
2024.9.20 3:00,-5.94,-4.59,-5.92,-5.75
2024.9.20 4:00,-5.96,-4.59,-5.93,-5.77
2024.9.20 5:00,-5.95,-4.59,-5.93,-5.78
2024.9.20 6:00,-5.93,,,
2024.9.20 7:00,-5.93,,,
2024.9.20 8:00,-5.92,,,
2024.9.20 9:00,-5.94,,,
2024.9.20 10:00,-5.94,,,
2024.9.20 11:00,-5.92,,,
2024.9.20 12:00,-5.94,,,
2024.9.20 13:00,-5.97,,,
2024.9.20 14:00,-5.94,,,
2024.9.20 15:00,-5.96,,,
2024.9.20 16:00,-6.01,,,
2024.9.20 17:00,-6.06,,,
2024.9.20 18:00,-6.1,,,
2024.9.20 19:00,-6.13,,,
2024.9.20 20:00,-6.14,,,
2024.9.20 21:00,-6.16,,,
2024.9.20 22:00,-6.06,,,
2024.9.20 23:00,-6.02,,,
2024.9.21 0:00,-6.01,,,
2024.9.21 1:00,-6.01,,,
2024.9.21 2:00,-6.04,,,
2024.9.21 3:00,-6.06,,,
2024.9.21 4:00,-6.08,,,
2024.9.21 5:00,-6.08,,,
2024.9.21 6:00,-6.09,,,
2024.9.21 7:00,-6.08,,,
2024.9.21 8:00,-6.08,,,
2024.9.21 9:00,-6.06,,,
2024.9.21 10:00,-6.06,,,
2024.9.21 11:00,-6.07,,,
2024.9.21 12:00,-6.08,,,
2024.9.21 13:00,-6.1,,,
2024.9.21 14:00,-6.12,,,
2024.9.21 15:00,-6.11,,,
2024.9.21 16:00,-6.1,,,
2024.9.21 17:00,-6.06,,,
2024.9.21 18:00,-6.03,,,
2024.9.21 19:00,-6.02,,,
2024.9.21 20:00,-6.02,,,
2024.9.21 21:00,-6.03,,,
2024.9.21 22:00,-6.02,,,
2024.9.21 23:00,-6.03,,,
2024.9.22 0:00,-6.03,,,
2024.9.22 1:00,-6.03,,,
2024.9.22 2:00,-6.04,,,
2024.9.22 3:00,-6.05,,,
2024.9.22 4:00,-6.05,,,
2024.9.22 5:00,-6.07,,,
2024.9.22 6:00,-6.07,,,
2024.9.22 7:00,-6.09,,,
2024.9.22 8:00,-6.14,,,
2024.9.22 9:00,-6.19,,,
2024.9.22 10:00,-6.25,,,
2024.9.22 11:00,-6.22,,,
2024.9.22 12:00,-6.35,,,
2024.9.22 13:00,-6.16,,,
2024.9.22 14:00,-6.12,,,
2024.9.22 15:00,-6.05,,,
2024.9.22 16:00,-6.04,,,
2024.9.22 17:00,-6.03,,,
2024.9.22 18:00,-6.01,,,
2024.9.22 19:00,-6.03,,,
2024.9.22 20:00,-6.05,,,
2024.9.22 21:00,-6.06,,,
2024.9.22 22:00,-6.09,,,
2024.9.22 23:00,-6.1,,,
2024.9.23 0:00,-6.09,,,
2024.9.23 1:00,-6.1,,,
2024.9.23 2:00,-6.11,,,
2024.9.23 3:00,-6.12,,,
2024.9.23 4:00,-6.12,,,
2024.9.23 5:00,-6.13,,,
2024.9.23 6:00,-6.14,,,
2024.9.23 7:00,-6.17,,,
2024.9.23 8:00,-6.23,,,
2024.9.23 9:00,-6.31,,,
2024.9.23 10:00,-6.41,,,
2024.9.23 11:00,-6.48,,,
2024.9.23 12:00,-6.48,,,
2024.9.23 13:00,-6.63,,,
2024.9.23 14:00,-6.65,,,
2024.9.23 15:00,-6.28,,,
2024.9.23 16:00,-6.08,,,
2024.9.23 17:00,-6.1,,,
2024.9.23 18:00,-6.19,,,
2024.9.23 19:00,-6.21,,,
2024.9.23 20:00,-6.22,,,
2024.9.23 21:00,-6.25,,,
2024.9.23 22:00,-6.27,,,
2024.9.23 23:00,-6.28,,,
2024.9.24 0:00,-6.28,,,
2024.9.24 1:00,-6.29,,,
2024.9.24 2:00,-6.29,,,
2024.9.24 3:00,-6.31,,,
2024.9.24 4:00,-6.31,,,
2024.9.24 5:00,-6.3,,,
2024.9.24 6:00,-6.3,,,
2024.9.24 7:00,-6.3,,,
2024.9.24 8:00,-6.32,,,
2024.9.24 9:00,-6.36,,,
2024.9.24 10:00,-6.45,,,
2024.9.24 11:00,-6.51,,,
2024.9.24 12:00,-6.56,,,
2024.9.24 13:00,-6.55,,,
2024.9.24 14:00,-6.45,,,
2024.9.24 15:00,-6.05,,,
2024.9.24 16:00,-6.17,,,
2024.9.24 17:00,-6.18,,,
2024.9.24 18:00,-6.16,,,
2024.9.24 19:00,-6.12,,,
2024.9.24 20:00,-6.1,,,
2024.9.24 21:00,-6.09,,,
2024.9.24 22:00,-6.08,,,
2024.9.24 23:00,-6.08,,,
2024.9.25 0:00,-6.06,,,
2024.9.25 1:00,-6.05,,,
2024.9.25 2:00,-6.02,,,
2024.9.25 3:00,-6.02,,,
2024.9.25 4:00,-6.03,,,
2024.9.25 5:00,,,,
2024.9.25 6:00,,,,
2024.9.25 7:00,,,,
2024.9.25 8:00,,,,
2024.9.25 9:00,,,,
2024.9.25 10:00,,,,
2024.9.25 11:00,,,,
2024.9.25 12:00,,,,
2024.9.25 13:00,,,,
2024.9.25 14:00,,,,
2024.9.25 15:00,,,,
2024.9.25 16:00,,,,
2024.9.25 17:00,,,,
2024.9.25 18:00,,,,
2024.9.25 19:00,,,,
2024.9.25 20:00,,,,
2024.9.25 21:00,,,,
2024.9.25 22:00,,,,
2024.9.25 23:00,,,,
2024.9.26 0:00,,,,
2024.9.26 1:00,,,,
2024.9.26 2:00,,,,
2024.9.26 3:00,,,,
2024.9.26 4:00,,,,
2024.9.26 5:00,,,,
2024.9.26 6:00,,,,
2024.9.26 7:00,,,,
2024.9.26 8:00,,,,
2024.9.26 9:00,,,,
2024.9.26 10:00,,,,
2024.9.26 11:00,,,,
2024.9.26 12:00,,,,
2024.9.26 13:00,,-4.63,,
2024.9.26 14:00,,-4.69,,-5.91
2024.9.26 15:00,,-4.69,,-5.91
2024.9.26 16:00,,-4.7,,-5.91
2024.9.26 17:00,,-4.69,,-5.91
2024.9.26 18:00,,-4.7,,-5.91
2024.9.26 19:00,,-4.7,,-5.92
2024.9.26 20:00,,-4.7,,-5.92
2024.9.26 21:00,,-4.7,,-5.92
2024.9.26 22:00,,-4.7,,-5.92
2024.9.26 23:00,,-4.7,,-5.92
2024.9.27 0:00,,-4.71,,-5.92
2024.9.27 1:00,,-4.73,,-5.92
2024.9.27 2:00,,-4.71,,-5.92
2024.9.27 3:00,,,,-5.93
2024.9.27 4:00,,,,-5.93
2024.9.27 5:00,,,,-5.94
2024.9.27 6:00,,,,
2024.9.27 7:00,,,,
2024.9.27 8:00,,,,
2024.9.27 9:00,,,,
2024.9.27 10:00,,,,
2024.9.27 11:00,,,,
2024.9.27 12:00,,,,
2024.9.27 13:00,,,,
2024.9.27 14:00,,,,
2024.9.27 15:00,,,,
2024.9.27 16:00,,,,
2024.9.27 17:00,,,,
2024.9.27 18:00,,,,
2024.9.27 19:00,,,,
2024.9.27 20:00,,,,
2024.9.27 21:00,,,,
2024.9.27 22:00,,,,
2024.9.27 23:00,,,,
2024.9.28 0:00,,,,
2024.9.28 1:00,,,,
2024.9.28 2:00,,,,
2024.9.28 3:00,,,,
2024.9.28 4:00,,,,
2024.9.28 5:00,,,,
2024.9.28 6:00,,,,
2024.9.28 7:00,,,,
2024.9.28 8:00,,,,
2024.9.28 9:00,,,,
2024.9.28 10:00,,,,
2024.9.28 11:00,,,,
2024.9.28 12:00,,,,
2024.9.28 13:00,,,,
2024.9.28 14:00,,,,
2024.9.28 15:00,,,,
2024.9.28 16:00,,,,
2024.9.28 17:00,,,,
2024.9.28 18:00,,,,
2024.9.28 19:00,,,,
2024.9.28 20:00,,,,
2024.9.28 21:00,,,,
2024.9.28 22:00,,,,
2024.9.28 23:00,,,,
2024.9.29 0:00,,,,
2024.9.29 1:00,,,,
2024.9.29 2:00,,,,
2024.9.29 3:00,,,,
2024.9.29 4:00,,,,
2024.9.29 5:00,,,,
2024.9.29 6:00,,,,
2024.9.29 7:00,,,,
2024.9.29 8:00,,,,
2024.9.29 9:00,,,,
2024.9.29 10:00,,,,
2024.9.29 11:00,,,,
2024.9.29 12:00,,,,
2024.9.29 13:00,,,,
2024.9.29 14:00,,,,
2024.9.29 15:00,,,,
2024.9.29 16:00,,,,
2024.9.29 17:00,,,,
2024.9.29 18:00,,,,
2024.9.29 19:00,,,,
2024.9.29 20:00,,,,
2024.9.29 21:00,,,,
2024.9.29 22:00,,,,
2024.9.29 23:00,,,,
2024.9.30 0:00,,,,
2024.9.30 1:00,,,,
2024.9.30 2:00,,,,
2024.9.30 3:00,,,,
2024.9.30 4:00,,,,
2024.9.30 5:00,,,,
2024.9.30 6:00,,,,
2024.9.30 7:00,,,,
2024.9.30 8:00,,,,
2024.9.30 9:00,,,,
2024.9.30 10:00,,,,
2024.9.30 11:00,,,,
2024.9.30 12:00,,,,
2024.9.30 13:00,,,,
2024.9.30 14:00,,,,
2024.9.30 15:00,,,,
2024.9.30 16:00,,,,
2024.9.30 17:00,,,,
2024.9.30 18:00,,,,
2024.9.30 19:00,,,,
2024.9.30 20:00,,,,
2024.9.30 21:00,,,,
2024.9.30 22:00,,,,
2024.9.30 23:00,,,,
2024.10.1 0:00,,,,
2024.10.1 1:00,,,,
2024.10.1 2:00,,,,
2024.10.1 3:00,,,,
2024.10.1 4:00,,,,
2024.10.1 5:00,,,,
2024.10.1 6:00,,,,
2024.10.1 7:00,,,,
2024.10.1 8:00,,,,
2024.10.1 9:00,,,,
2024.10.1 10:00,,,,
2024.10.1 11:00,,,,
2024.10.1 12:00,,,,
2024.10.1 13:00,,,,
2024.10.1 14:00,,,,
2024.10.1 15:00,,,,
2024.10.1 16:00,,,,
2024.10.1 17:00,,,,
2024.10.1 18:00,,,,
2024.10.1 19:00,,,,
2024.10.1 20:00,,,,
2024.10.1 21:00,,,,
2024.10.1 22:00,,,,
2024.10.1 23:00,,,,
2024.10.2 0:00,,,,
2024.10.2 1:00,,,,
2024.10.2 2:00,,,,
2024.10.2 3:00,,,,
2024.10.2 4:00,,,,
2024.10.2 5:00,,,,
2024.10.2 6:00,,,,
2024.10.2 7:00,,,,
2024.10.2 8:00,,,,
2024.10.2 9:00,,,,
2024.10.2 10:00,,,,
2024.10.2 11:00,,,,
2024.10.2 12:00,,,,
2024.10.2 13:00,,,,
2024.10.2 14:00,,,,
2024.10.2 15:00,,,,
2024.10.2 16:00,,,,
2024.10.2 17:00,,,,
2024.10.2 18:00,,,,
2024.10.2 19:00,,,,
2024.10.2 20:00,,,,
2024.10.2 21:00,,,,
2024.10.2 22:00,,,,
2024.10.2 23:00,,,,
2024.10.3 0:00,,,,
2024.10.3 1:00,,,,
2024.10.3 2:00,,,,
2024.10.3 3:00,,,,
2024.10.3 4:00,,,,
2024.10.3 5:00,,,,
2024.10.3 6:00,,,,
2024.10.3 7:00,,,,
2024.10.3 8:00,,,,
2024.10.3 9:00,,,,
2024.10.3 10:00,,,,
2024.10.3 11:00,,,,
2024.10.3 12:00,,,,
2024.10.3 13:00,,,,
2024.10.3 14:00,,,,
2024.10.3 15:00,,,,
2024.10.3 16:00,,,,
2024.10.3 17:00,,,,
2024.10.3 18:00,,,,
2024.10.3 19:00,,,,
2024.10.3 20:00,,,,
2024.10.3 21:00,,,,
2024.10.3 22:00,,,,
2024.10.3 23:00,,,,
2024.10.4 0:00,,,,
2024.10.4 1:00,,,,
2024.10.4 2:00,,,,
2024.10.4 3:00,,,,
2024.10.4 4:00,,,,
2024.10.4 5:00,,,,
2024.10.4 6:00,,,,
2024.10.4 7:00,,,,
2024.10.4 8:00,,,,
2024.10.4 9:00,,,,
2024.10.4 10:00,,,,
2024.10.4 11:00,,,,
2024.10.4 12:00,,,,
2024.10.4 13:00,,,,
2024.10.4 14:00,-7.13,-5.56,,-6.38
2024.10.4 15:00,-7.13,-5.59,-6.81,-6.35
2024.10.4 16:00,-7.2,-5.6,-6.82,-6.37
2024.10.4 17:00,-7.28,-5.61,-6.81,-6.37
2024.10.4 18:00,-7.32,-5.63,-6.82,-6.38
2024.10.4 19:00,-7.34,-5.64,-6.85,-6.39
2024.10.4 20:00,-7.37,-5.65,-6.87,-6.4
2024.10.4 21:00,-7.37,-5.66,-6.87,-6.41
2024.10.4 22:00,-7.4,-5.66,-6.88,-6.42
2024.10.4 23:00,-7.42,-5.68,-6.9,-6.42
2024.10.5 0:00,-7.43,-5.68,-6.91,-6.43
2024.10.5 1:00,-7.44,-5.68,-6.92,-6.44
2024.10.5 2:00,-7.44,-5.69,-6.92,-6.45
2024.10.5 3:00,-7.44,-5.7,-6.91,-6.46
2024.10.5 4:00,-7.45,-5.7,-6.94,-6.47
2024.10.5 5:00,-7.45,-5.71,-6.94,-6.48
2024.10.5 6:00,-7.45,-5.71,-6.95,-6.49
2024.10.5 7:00,-7.46,-5.71,-6.96,-6.52
2024.10.5 8:00,-7.46,-5.71,-6.97,-6.52
2024.10.5 9:00,-7.52,-5.72,-6.98,-6.52
2024.10.5 10:00,-7.5,-5.72,-6.98,-6.53
2024.10.5 11:00,-7.48,-5.72,-6.97,-6.54
2024.10.5 12:00,-7.48,-5.72,-6.97,-6.55
2024.10.5 13:00,-7.42,-5.72,-6.99,-6.56
2024.10.5 14:00,-7.44,-5.71,-7,-6.57
2024.10.5 15:00,-7.4,-5.71,-7,-6.58
2024.10.5 16:00,-7.42,-5.71,-6.99,-6.61
2024.10.5 17:00,-7.43,-5.72,-6.99,-6.6
2024.10.5 18:00,-7.43,-5.73,-7,-6.6
2024.10.5 19:00,-7.43,-5.73,-7,-6.6
2024.10.5 20:00,-7.43,-5.73,-7.01,-6.62
2024.10.5 21:00,-7.43,-5.74,-7.02,-6.61
2024.10.5 22:00,-7.43,-5.74,-7.02,-6.64
2024.10.5 23:00,-7.43,-5.74,-7.03,-6.64
2024.10.6 0:00,-7.43,-5.74,-7.03,-6.65
2024.10.6 1:00,-7.43,-5.74,-7.03,-6.65
2024.10.6 2:00,-7.43,-5.74,-7.05,-6.67
2024.10.6 3:00,-7.43,-5.74,-7.05,-6.67
2024.10.6 4:00,-7.43,-5.74,-7.05,-6.68
2024.10.6 5:00,-7.43,-5.74,-7.06,-6.68
2024.10.6 6:00,-7.42,-5.74,-7.06,-6.69
2024.10.6 7:00,-7.42,-5.74,-7.06,-6.69
2024.10.6 8:00,-7.41,-5.74,-7.08,-6.71
2024.10.6 9:00,-7.44,-5.75,-7.08,-6.71
2024.10.6 10:00,-7.42,-5.74,-7.1,-6.74
2024.10.6 11:00,-7.43,-5.74,-7.1,-6.73
2024.10.6 12:00,-7.42,-5.75,-7.08,-6.73
2024.10.6 13:00,-7.42,-5.74,-7.09,-6.74
2024.10.6 14:00,-7.4,-5.74,-7.1,-6.74
2024.10.6 15:00,-7.42,-5.75,-7.09,-6.75
2024.10.6 16:00,-7.39,-5.75,-7.09,-6.75
2024.10.6 17:00,-7.41,-5.75,-7.09,-6.77
2024.10.6 18:00,-7.41,-5.74,-7.09,-6.77
2024.10.6 19:00,-7.42,-5.75,-7.1,-6.79
2024.10.6 20:00,-7.41,-5.75,-7.1,-6.8
2024.10.6 21:00,-7.41,-5.75,-7.1,-6.8
2024.10.6 22:00,-7.41,-5.75,-7.1,-6.79
2024.10.6 23:00,-7.41,-5.75,-7.11,-6.79
2024.10.7 0:00,-7.41,-5.75,-7.11,-6.8
2024.10.7 1:00,-7.41,-5.74,-7.11,-6.8
2024.10.7 2:00,-7.41,-5.75,-7.12,-6.81
2024.10.7 3:00,-7.41,-5.75,-7.12,-6.82
2024.10.7 4:00,-7.41,-5.75,-7.12,-6.82
2024.10.7 5:00,-7.4,-5.75,-7.12,-6.84
2024.10.7 6:00,-7.4,-5.75,-7.13,-6.84
2024.10.7 7:00,-7.4,-5.75,-7.12,-6.83
2024.10.7 8:00,-7.41,-5.75,-7.13,-6.83
2024.10.7 9:00,-7.43,-5.75,-7.14,-6.84
2024.10.7 10:00,-7.39,-5.75,-7.15,-6.85
2024.10.7 11:00,-7.42,-5.74,-7.14,-6.86
2024.10.7 12:00,-7.39,-5.74,-7.14,-6.86
2024.10.7 13:00,-7.39,-5.74,-7.14,-6.89
2024.10.7 14:00,-7.4,-5.75,-7.16,-6.87
2024.10.7 15:00,-7.41,-5.75,-7.16,-6.88
2024.10.7 16:00,-7.4,-5.75,-7.17,-6.89
2024.10.7 17:00,-7.46,-5.76,-7.14,-6.89
2024.10.7 18:00,-7.47,-5.77,-7.16,-6.9
2024.10.7 19:00,-7.49,-5.77,-7.16,-6.91
2024.10.7 20:00,-7.5,-5.78,-7.17,-6.91
2024.10.7 21:00,-7.52,-5.77,-7.16,-6.94
2024.10.7 22:00,-7.52,-5.78,-7.17,-6.93
2024.10.7 23:00,-7.52,-5.78,-7.18,-6.93
2024.10.8 0:00,-7.54,-5.79,-7.17,-6.93
2024.10.8 1:00,-7.54,-5.79,-7.17,-6.94
2024.10.8 2:00,-7.54,-5.79,-7.19,-6.94
2024.10.8 3:00,-7.54,-5.8,-7.19,-6.96
2024.10.8 4:00,-7.54,-5.79,-7.2,-6.96
2024.10.8 5:00,-7.54,-5.8,-7.2,-6.98
2024.10.8 6:00,-7.55,-5.8,-7.21,-6.97
2024.10.8 7:00,-7.55,-5.8,-7.21,-6.97
2024.10.8 8:00,-7.56,-5.8,-7.2,-6.99
2024.10.8 9:00,-7.58,-5.79,-7.23,-6.98
2024.10.8 10:00,-7.6,-5.8,-7.23,-6.99
2024.10.8 11:00,-7.57,-5.8,-7.22,-7
2024.10.8 12:00,-7.57,-5.79,-7.21,-7
2024.10.8 13:00,-7.54,-5.79,-7.24,-7
2024.10.8 14:00,-7.52,-5.79,-7.21,-7
2024.10.8 15:00,-7.46,-5.8,-7.24,-7.01
2024.10.8 16:00,-7.5,-5.8,-7.17,-7.01
2024.10.8 17:00,-7.51,-5.81,-7.17,-7.01
2024.10.8 18:00,-7.51,-5.81,-7.18,-7.01
2024.10.8 19:00,-7.5,-5.81,-7.16,-7.01
2024.10.8 20:00,-7.54,-5.81,-7.15,-7.01
2024.10.8 21:00,-7.53,-5.82,-7.16,-7.02
2024.10.8 22:00,-7.55,-5.82,-7.16,-7.01
2024.10.8 23:00,-7.56,-5.82,-7.15,-7.01
2024.10.9 0:00,-7.56,-5.83,-7.15,-7.03
2024.10.9 1:00,-7.56,-5.83,-7.15,-7.02
2024.10.9 2:00,-7.57,-5.83,-7.14,-7.03
2024.10.9 3:00,-7.57,-5.83,-7.15,-7.03
2024.10.9 4:00,-7.58,-5.83,-7.13,-7.03
2024.10.9 5:00,-7.58,-5.84,-7.14,-7.04
2024.10.9 6:00,-7.58,-5.84,-7.14,-7.04
2024.10.9 7:00,-7.58,-5.84,-7.14,-7.04
2024.10.9 8:00,-7.59,-5.84,-7.14,-7.04
2024.10.9 9:00,-7.66,-5.79,-7.14,-7.04
2024.10.9 10:00,-7.62,-5.79,-7.16,-7.05
2024.10.9 11:00,-7.58,-5.81,-7.15,-7.04
2024.10.9 12:00,-7.56,-5.81,-7.15,-7.05
2024.10.9 13:00,-7.56,-5.79,-7.13,-7.05
2024.10.9 14:00,-7.52,-5.8,-7.13,-7.06
2024.10.9 15:00,-7.51,-5.8,-7.11,-7.08
2024.10.9 16:00,-7.52,-5.8,-7.09,-7.06
2024.10.9 17:00,-7.52,-5.8,-7.09,-7.05
2024.10.9 18:00,-7.54,-5.8,-7.09,-7.07
2024.10.9 19:00,-7.55,-5.8,-7.1,-7.06
2024.10.9 20:00,-7.56,-5.81,-7.1,-7.06
2024.10.9 21:00,-7.57,-5.81,-7.1,-7.06
2024.10.9 22:00,-7.57,-5.81,-7.09,-7.06
2024.10.9 23:00,-7.57,-5.8,-7.1,-7.06
2024.10.10 0:00,-7.57,-5.8,-7.12,-7.06
2024.10.10 1:00,-7.57,-5.8,-7.12,-7.07
2024.10.10 2:00,-7.55,-5.8,-7.12,-7.07
2024.10.10 3:00,-7.56,-5.8,-7.13,-7.07
2024.10.10 4:00,-7.57,-5.79,-7.13,-7.07
2024.10.10 5:00,-7.57,-5.78,-7.14,-7.07
2024.10.10 6:00,-7.56,-5.79,-7.14,-7.07
2024.10.10 7:00,-7.57,-5.78,-7.15,-7.08
2024.10.10 8:00,-7.57,-5.78,-7.16,-7.08
2024.10.10 9:00,-7.62,-5.78,-7.18,-7.1
2024.10.10 10:00,-7.55,-5.77,-7.18,-7.1
2024.10.10 11:00,-7.58,-5.77,-7.19,-7.09
2024.10.10 12:00,-7.58,-5.76,-7.17,-7.09
2024.10.10 13:00,-7.59,-5.75,-7.16,-7.09
2024.10.10 14:00,-7.5,-5.75,-7.16,-7.09
2024.10.10 15:00,-7.53,-5.75,-7.16,-7.09
2024.10.10 16:00,-7.53,-5.77,-7.16,-7.1
2024.10.10 17:00,-7.53,-5.78,-7.17,-7.09
2024.10.10 18:00,-7.51,-5.78,-7.17,-7.1
2024.10.10 19:00,-7.53,-5.74,-7.14,-7.09
2024.10.10 20:00,-7.52,-5.78,-7.18,-7.1
2024.10.10 21:00,-7.53,-5.78,-7.19,-7.1
2024.10.10 22:00,-7.54,-5.78,-7.19,-7.09
2024.10.10 23:00,-7.51,-5.78,-7.18,-7.11
2024.10.11 0:00,-7.53,-5.77,-7.19,-7.09
2024.10.11 1:00,-7.53,-5.77,-7.19,-7.09
2024.10.11 2:00,-7.52,-5.76,-7.2,-7.1
2024.10.11 3:00,-7.53,-5.76,-7.21,-7.1
2024.10.11 4:00,-7.53,-5.76,-7.21,-7.1
2024.10.11 5:00,-7.53,-5.75,-7.21,-7.1
2024.10.11 6:00,-7.53,-5.75,-7.21,-7.11
2024.10.11 7:00,-7.53,-5.74,-7.21,-7.11
2024.10.11 8:00,-7.53,-5.7,-7.22,-7.11
2024.10.11 9:00,-7.54,-5.74,-7.22,-7.11
2024.10.11 10:00,-7.55,-5.74,-7.24,-7.11
2024.10.11 11:00,-7.54,-5.73,-7.24,-7.11
2024.10.11 12:00,-7.55,-5.72,-7.24,-7.12
2024.10.11 13:00,-7.52,-5.72,-7.25,-7.11
2024.10.11 14:00,-7.5,-5.73,-7.25,-7.11
2024.10.11 15:00,-7.47,-5.74,-7.25,-7.12
2024.10.11 16:00,-7.5,-5.75,-7.23,-7.11
2024.10.11 17:00,-7.51,-5.77,-7.22,-7.11
2024.10.11 18:00,-7.52,-5.78,-7.22,-7.11
2024.10.11 19:00,-7.52,-5.78,-7.22,-7.14
2024.10.11 20:00,-7.52,-5.79,-7.25,-7.11
2024.10.11 21:00,-7.54,-5.8,-7.26,-7.12
2024.10.11 22:00,-7.55,-5.81,-7.26,-7.14
2024.10.11 23:00,-7.56,-5.8,-7.28,-7.12
2024.10.12 0:00,-7.55,-5.81,-7.3,-7.12
2024.10.12 1:00,-7.55,-5.81,-7.29,-7.12
2024.10.12 2:00,-7.58,-5.81,-7.3,-7.13
2024.10.12 3:00,-7.58,-5.81,-7.32,-7.12
2024.10.12 4:00,-7.58,-5.81,-7.33,-7.13
2024.10.12 5:00,-7.58,-5.81,-7.32,-7.13
2024.10.12 6:00,-7.58,-5.81,-7.35,-7.13
2024.10.12 7:00,-7.59,-5.81,-7.36,-7.14
2024.10.12 8:00,-7.6,-5.81,-7.37,-7.14
2024.10.12 9:00,-7.64,-5.8,-7.38,-7.14
2024.10.12 10:00,-7.65,-5.81,-7.36,-7.15
2024.10.12 11:00,-7.62,-5.78,-7.38,-7.14
2024.10.12 12:00,-7.63,-5.78,-7.35,-7.15
2024.10.12 13:00,-7.6,-5.78,-7.35,-7.15
2024.10.12 14:00,-7.57,-5.79,-7.37,-7.16
2024.10.12 15:00,-7.58,-5.81,-7.36,-7.16
2024.10.12 16:00,-7.58,-5.82,-7.36,-7.16
2024.10.12 17:00,-7.58,-5.84,-7.38,-7.15
2024.10.12 18:00,-7.59,-5.85,-7.39,-7.17
2024.10.12 19:00,-7.59,-5.85,-7.4,-7.17
2024.10.12 20:00,-7.59,-5.85,-7.42,-7.18
2024.10.12 21:00,-7.6,-5.85,-7.42,-7.18
2024.10.12 22:00,-7.6,-5.79,-7.42,-7.18
2024.10.12 23:00,-7.61,-5.78,-7.42,-7.18
2024.10.13 0:00,-7.61,-5.78,-7.45,-7.18
2024.10.13 1:00,-7.61,-5.85,-7.48,-7.18
2024.10.13 2:00,-7.62,-5.85,-7.48,-7.19
2024.10.13 3:00,-7.6,-5.85,-7.49,-7.19
2024.10.13 4:00,-7.61,-5.85,-7.5,-7.21
2024.10.13 5:00,-7.62,-5.83,-7.5,-7.2
2024.10.13 6:00,-7.62,-5.83,-7.51,-7.2
2024.10.13 7:00,-7.62,-5.84,-7.52,-7.2
2024.10.13 8:00,-7.63,-5.83,-7.53,-7.21
2024.10.13 9:00,-7.71,-5.83,-7.54,-7.22
2024.10.13 10:00,-7.68,-5.82,-7.56,-7.21
2024.10.13 11:00,-7.6,-5.81,-7.56,-7.22
2024.10.13 12:00,-7.61,-5.82,-7.58,-7.22
2024.10.13 13:00,-7.61,-5.81,-7.57,-7.22
2024.10.13 14:00,-7.61,-5.82,-7.56,-7.25
2024.10.13 15:00,-7.62,-5.83,-7.55,-7.23
2024.10.13 16:00,-7.61,-5.83,-7.56,-7.23
2024.10.13 17:00,-7.62,-5.83,-7.55,-7.24
2024.10.13 18:00,-7.62,-5.83,-7.55,-7.25
2024.10.13 19:00,-7.62,-5.83,-7.55,-7.24
2024.10.13 20:00,-7.62,-5.83,-7.56,-7.25
2024.10.13 21:00,-7.63,-5.79,-7.56,-7.25
2024.10.13 22:00,-7.63,-5.83,-7.56,-7.25
2024.10.13 23:00,-7.63,-5.84,-7.57,-7.26
2024.10.14 0:00,-7.62,-5.83,-7.58,-7.26
2024.10.14 1:00,-7.63,-5.83,-7.58,-7.27
2024.10.14 2:00,-7.63,-5.83,-7.57,-7.26
2024.10.14 3:00,-7.64,-5.83,-7.58,-7.26
2024.10.14 4:00,-7.64,-5.83,-7.58,-7.26
2024.10.14 5:00,-7.64,-5.83,-7.58,-7.26
2024.10.14 6:00,-7.64,-5.83,-7.58,-7.26